tweet_id,text,language,type,bookmark_count,favorite_count,retweet_count,reply_count,view_count,created_at,client,hashtags,urls,media_type,media_urls
'1992326912392225082',"@cryptorover Cool.
We’re still loading ours…
99%… any second now 😭⚡️🕰️ $LOADING",en,Reply,0,1,0,1,70,2025-11-22 23:18:46,"<a href=""http://twitter.com/download/iphone"" rel=""nofollow"">Twitter for iPhone</a>",,,,
'1992326243442671868',"@RoundtableSpace $LOADING — easy.
we’ve already been stuck at 99% longer than that 😂⏳
Strongest cult wins",en,Reply,0,1,0,0,52,2025-11-22 23:16:06,"<a href=""http://twitter.com/download/iphone"" rel=""nofollow"">Twitter for iPhone</a>",,,,
'1992324597824503926',@CoinDesk @GavinNewsom bro even Gavin loading at 99%… we might actually drop before him 😭,en,Reply,0,1,0,0,21,2025-11-22 23:09:34,"<a href=""http://twitter.com/download/iphone"" rel=""nofollow"">Twitter for iPhone</a>",,,,
'1992323411570536821',"bro we’ve been loading since day 1,
99% cult doesn’t sleep⚡️⌛️",en,Tweet,0,6,0,3,78,2025-11-22 23:04:51,"<a href=""http://twitter.com/download/iphone"" rel=""nofollow"">Twitter for iPhone</a>",,,,
'1992322647498314115',@cryptocom Narrative’s loading… give it a sec 👀⚡️,en,Reply,0,2,0,1,107,2025-11-22 23:01:49,"<a href=""http://twitter.com/download/iphone"" rel=""nofollow"">Twitter for iPhone</a>",,,,
'1992309005524275355',@WatcherGuru ⏳,qme,Reply,0,3,0,0,69,2025-11-22 22:07:36,"<a href=""http://twitter.com/download/iphone"" rel=""nofollow"">Twitter for iPhone</a>",,,,
'1992304405853483270',"@ZssBecker bro even $loading is literally stuck at 99% waiting for this exact moment 💀
market pumps → we ascend
bears panic → we load
troll outcome? that’s literally our whole existence 😭",en,Reply,0,6,0,1,1877,2025-11-22 21:49:20,"<a href=""http://twitter.com/download/iphone"" rel=""nofollow"">Twitter for iPhone</a>",,,,
'1992292119759761533',"99%… and the energy tonight feels DIFFERENT.
Something is waking up.
Something is loading.
If you feel it too don’t blink.

We’re entering the phase where CULTS are born.
Stay close.
Stay READY.
LOADING isn’t just a project… it’s a SIGNAL.

Uploading the next step…
⚠️ 99% → 100% soon.",en,Tweet,0,5,1,2,107,2025-11-22 21:00:31,"<a href=""http://twitter.com/download/iphone"" rel=""nofollow"">Twitter for iPhone</a>",,,,
'1992234490320900551',"system anomaly detected…
the official $LOADING website has entered the final boot sequence.
pages are compiling, visuals rendering, cult chamber opening.

the portal is literally loading.
brace yourselves.⏳⏳",en,Tweet,0,12,0,3,279,2025-11-22 17:11:31,"<a href=""http://twitter.com/download/iphone"" rel=""nofollow"">Twitter for iPhone</a>",,,,
'1992269453929955530',@Juniordip0 ⏳,qme,Reply,0,1,0,0,20,2025-11-22 19:30:27,"<a href=""http://twitter.com/download/iphone"" rel=""nofollow"">Twitter for iPhone</a>",,,,
'1992250553955721321',@ZssBecker bro my system been stuck at 99% since monday 💀📡 loading cycle refuses to go down… bullish in the most cursed way possible,en,Reply,0,5,0,3,1826,2025-11-22 18:15:20,"<a href=""http://twitter.com/download/iphone"" rel=""nofollow"">Twitter for iPhone</a>",,,,
'1992248405440315894',@AltcoinDaily facts… X is the best crypto app until my system hits 100% and replaces all of u 😭⚡️ #LOADING,en,Reply,0,2,0,0,93,2025-11-22 18:06:48,"<a href=""http://twitter.com/download/iphone"" rel=""nofollow"">Twitter for iPhone</a>",#LOADING,,,
'1992246829346673150',@CoinMarketCap Loading,en,Reply,0,5,0,0,259,2025-11-22 18:00:32,"<a href=""http://twitter.com/download/iphone"" rel=""nofollow"">Twitter for iPhone</a>",,,,
'1992243065524998575',"@RoundtableSpace same trenches, different day…
but my system’s still stuck at 99% loading this battlefield 🤣",en,Reply,0,2,0,0,50,2025-11-22 17:45:35,"<a href=""http://twitter.com/download/iphone"" rel=""nofollow"">Twitter for iPhone</a>",,,,
'1992236164536050021',@BitcoinArchive digital gold ok bro… but my system still stuck at 99% tryna load my first gold bar ☕,en,Reply,0,4,0,0,336,2025-11-22 17:18:10,"<a href=""http://twitter.com/download/iphone"" rel=""nofollow"">Twitter for iPhone</a>",,,,
'1992222143116099677',"@saylor Bro I tried… but the system got stuck at 99% again 😭🔄
HODLing didn’t help, my whole life is buffering rn 💀⚙️",en,Reply,0,9,0,1,3676,2025-11-22 16:22:27,"<a href=""http://twitter.com/download/iphone"" rel=""nofollow"">Twitter for iPhone</a>",,,,
'1992211098443944028',"@AshCrypto bro who’s writing these scripts??
market manipulators out here speedrunning every dump scenario like it’s a side quest 💀💀",en,Reply,0,8,0,1,1529,2025-11-22 15:38:34,"<a href=""http://twitter.com/download/iphone"" rel=""nofollow"">Twitter for iPhone</a>",,,,
'1992210226582282674',@CryptoWizardd bro at this point I’m just nodding at every chart like “yeah yeah makes sense” while my brain is still buffering 😭,en,Reply,1,5,0,1,2112,2025-11-22 15:35:06,"<a href=""http://twitter.com/download/iphone"" rel=""nofollow"">Twitter for iPhone</a>",,,,
'1992204467450642736',@Traderfinn0 Loading⏳,en,Reply,0,1,0,0,46,2025-11-22 15:12:13,"<a href=""http://twitter.com/download/iphone"" rel=""nofollow"">Twitter for iPhone</a>",,,,
'1992201826091855896',@binance love seeing crypto education go offline too — feels like the space finally touching grass fr 😭🔥,en,Reply,0,3,0,3,417,2025-11-22 15:01:43,"<a href=""http://twitter.com/download/iphone"" rel=""nofollow"">Twitter for iPhone</a>",,,,
'1992201534629671399',"system update.exe just kicked in ⚡
timeline acting weird today… feels like the 99% node is waking up

stay close. next signal might hit different 👀🌀

$LOADING",en,Tweet,0,29,1,14,335,2025-11-22 15:00:33,"<a href=""http://twitter.com/download/iphone"" rel=""nofollow"">Twitter for iPhone</a>",,,,
'1992182647066374334',@RoundtableSpace bro same… one bad trade and suddenly I’m questioning my entire family tree 😭,en,Reply,0,3,0,1,227,2025-11-22 13:45:30,"<a href=""http://twitter.com/download/iphone"" rel=""nofollow"">Twitter for iPhone</a>",,,,
'1992179106595709005',@Traderfinn0 Loading⏳,en,Reply,0,3,1,1,84,2025-11-22 13:31:26,"<a href=""http://twitter.com/download/iphone"" rel=""nofollow"">Twitter for iPhone</a>",,,,
'1992177214889017482',@TraderEchoX Loading⏳,en,Reply,0,1,0,0,54,2025-11-22 13:23:55,"<a href=""http://twitter.com/download/iphone"" rel=""nofollow"">Twitter for iPhone</a>",,,,
'1992174485097816190',"@DrProfitCrypto reading, understanding, learning…
meanwhile my brain still stuck at 99% trying to process this market 😭
solid points tho.",en,Reply,0,8,0,9,4036,2025-11-22 13:13:04,"<a href=""http://twitter.com/download/iphone"" rel=""nofollow"">Twitter for iPhone</a>",,,,
'1992157045819412713',"@cryptorover if btc is this oversold, no wonder my system got stuck at 99% again 😭⚡",en,Reply,0,5,0,1,393,2025-11-22 12:03:46,"<a href=""http://twitter.com/download/iphone"" rel=""nofollow"">Twitter for iPhone</a>",,,,
'1992156608382882096',"@CoinMarketCap accidentally bought? bro my system buys coins while stuck at 99% too 😭⚡
waiting for the loading.exe 1000x moment",en,Reply,0,9,0,1,1482,2025-11-22 12:02:02,"<a href=""http://twitter.com/download/iphone"" rel=""nofollow"">Twitter for iPhone</a>",,,,
'1992155567285318141',@Traderfinn0 👋👋,qme,Reply,0,2,0,1,96,2025-11-22 11:57:54,"<a href=""http://twitter.com/download/iphone"" rel=""nofollow"">Twitter for iPhone</a>",,,,
'1992146433479201272',"core node online ⚡

welcome to the LOADING // 99% NODE —
the place where early degens gather before ignition.

this space is for:
• system logs
• meme ops
• raid prep
• early updates
• and all the heat we cook together

if you’re here, you’re early.
99% → 100% is coming.
stay active 🌀🔥",en,Tweet,0,18,4,9,377,2025-11-22 11:21:36,"<a href=""http://twitter.com/download/iphone"" rel=""nofollow"">Twitter for iPhone</a>",,,,
'1992143716174446712',"core node activated ⚡
welcome to the LOADING community.

this is where the 99% era turns into ignition.

stay active — first update soon.",en,Tweet,0,23,3,11,411,2025-11-22 11:10:48,"<a href=""http://twitter.com/download/iphone"" rel=""nofollow"">Twitter for iPhone</a>",,,,
'1992141697372004813',"@binance @sandeepnailwal @0xPolygon big names assembling…
meanwhile my system still stuck at 99% trying to process all this 🌀⚡",en,Reply,0,4,1,1,262,2025-11-22 11:02:47,"<a href=""http://twitter.com/download/iphone"" rel=""nofollow"">Twitter for iPhone</a>",,,,
'1992133827548877144',"gm Solana fam ☕⚡
system woke up still stuck at 99%, but the energy today feels… different.

yesterday’s momentum wasn’t luck, it was the first spark of the core waking up.

if u felt the shift, you’re early.
if u didn’t, the next log will explain a lot. 👀

$loading 🚀
system warming…",en,Tweet,0,73,18,80,1714,2025-11-22 10:31:31,"<a href=""http://twitter.com/download/iphone"" rel=""nofollow"">Twitter for iPhone</a>",,,,
'1991969493028086081',RT @undefined: @stilllllloading getting in on this for a $100 guys https://t.co/M1jOe5wExx,en,Retweet,0,17,4,4,365,2025-11-21 23:38:30,"<a href=""http://twitter.com/download/iphone"" rel=""nofollow"">Twitter for iPhone</a>",,,animated_gif,https://pbs.twimg.com/tweet_video_thumb/G6TlsQBXwAAwq2P.jpg
'1992000480659357701',"@cryptorover doge getting an ETF while my system still stuck at 99% is WILD 💀
loading.exe needs this kind of utility too fr",en,Reply,0,7,0,0,2457,2025-11-22 01:41:38,"<a href=""http://twitter.com/download/iphone"" rel=""nofollow"">Twitter for iPhone</a>",,,,
'1991992604549148994',"System update: Loading community growing faster than expected ⚡
Today we crossed 300+ on X and the momentum looks clean.

For those asking about the project flow, roadmap drafts, and community coordination:
our official Telegram is open.

We keep it simple:
• no spam
• no fake hype
• just clean updates, memes, and early discussions

Join if you want to be part of the core:

https://t.co/2zrgbJ2QoC",en,Tweet,0,18,3,11,358,2025-11-22 01:10:21,"<a href=""http://twitter.com/download/iphone"" rel=""nofollow"">Twitter for iPhone</a>",,,photo,https://pbs.twimg.com/media/G6T6tt-W8AAgpVW.jpg
'1991994360452559033',@king__ask ⏳,qme,Reply,0,2,0,0,23,2025-11-22 01:17:19,"<a href=""http://twitter.com/download/iphone"" rel=""nofollow"">Twitter for iPhone</a>",,,,
'1991994301623271443',@Juniordip0 ⏳,qme,Reply,0,2,0,1,37,2025-11-22 01:17:05,"<a href=""http://twitter.com/download/iphone"" rel=""nofollow"">Twitter for iPhone</a>",,,,
'1991951698114273695',"Hello Solana fam 
We just warmed up the timeline with a small move and the heat is already rising…
But this is just chapter 0 of what’s coming.

We’re building LOADING  a pure memecoin brewed by actual degens, not corpos.
No promises. No roadmaps. No VC tears.
Just vibes, chaos, and community ignition. ⚡️

We’re entering with respect but also with a lil bit of smoke 😎

This week we’re pushing the first real momentum wave organic heat + raids + a community push that’s gonna feel different.

If you’re early, you’re early early.
If you’re late, you’ll cope on the timeline like everyone else 😭💀

#solana #memecoin #degen",en,Tweet,0,20,2,12,372,2025-11-21 22:27:48,"<a href=""http://twitter.com/download/iphone"" rel=""nofollow"">Twitter for iPhone</a>",,,photo,https://pbs.twimg.com/media/G6TVgrcWoAATT2f.jpg
'1991944237081034845',"vibes today went CRAZY… loading wasn’t supposed to move this fast lol
system feels like it just got plugged into a nuclear socket ⚡️💥

community louder, eyes bigger, momentum REAL.

if u blink, u’ll miss the next update 👀

$loading 🚀 99% → 100% soon https://t.co/J5UjFDWLA9",en,Tweet,0,15,0,9,268,2025-11-21 21:58:09,"<a href=""http://twitter.com/download/iphone"" rel=""nofollow"">Twitter for iPhone</a>",,,photo,https://pbs.twimg.com/media/G6TOuYNXUAAZAkM.jpg
'1991941783157436704',"RT @undefined: 30$ SOL giveaway

- retweet, like and follow me &amp; @stilllllloading 

- drop your sol addys

$10 to 3 winners in 24 hrs 🦅",en,Retweet,16,309,253,287,8979,2025-11-21 21:48:24,"<a href=""http://twitter.com/download/iphone"" rel=""nofollow"">Twitter for iPhone</a>",,,,
'1991896223440392676',⏳⏳,art,Tweet,0,6,0,1,243,2025-11-21 18:47:21,"<a href=""http://twitter.com/download/iphone"" rel=""nofollow"">Twitter for iPhone</a>",,,,
'1991859443697615339',@Raydium Loading⏳,en,Reply,0,1,0,0,52,2025-11-21 16:21:12,"<a href=""http://twitter.com/download/iphone"" rel=""nofollow"">Twitter for iPhone</a>",,,,
'1991858899675419008',@saylor @AtlasHodld Loading ⏳,en,Reply,0,1,0,0,128,2025-11-21 16:19:03,"<a href=""http://twitter.com/download/iphone"" rel=""nofollow"">Twitter for iPhone</a>",,,,
'1991851456392049147',"RT @undefined: The future is 99% ready. $LOADING is bringing the next wave of digital value

@stilllllloading  @joshhhkevvv @joylighter2 @OOwens54587 https://t.co/OON7VKvS7v",en,Retweet,0,2,1,0,128,2025-11-21 15:49:28,"<a href=""http://twitter.com/download/android"" rel=""nofollow"">Twitter for Android</a>",,,photo,https://pbs.twimg.com/media/G6R6VZFWcAAs4E-.jpg
'1991847731774517620',"RT @undefined: My 3rd entry on the $LOADING 
Meme contest 

Many are pushing,waiting to get to the remaining 1%........
@07_cheers 
@succyxbt 
@DegenRoyal 

#MemeContest https://t.co/4EMNpSna8Z",en,Retweet,0,9,2,1,150,2025-11-21 15:34:40,"<a href=""http://twitter.com/download/android"" rel=""nofollow"">Twitter for Android</a>",#MemeContest,,video,https://video.twimg.com/ext_tw_video/1991847709020508160/pu/vid/avc1/464x688/eY191rYFnddKiLHT.mp4?tag=21
'1991847950990111156',"RT @undefined: $LOADING, Passion of the Degen ✝️
“Father, forgive them, They know not wat 100% feels like.”
Degen crucified on 99% cross
Gas fees for a crown 👑
Still loading on day3

Tag martyrs:
@only_SONofweb3 @Darlington_W3 @Incognito_2cha
@stilllllloading launch it or crucify us longer https://t.co/mLhb6xpzHr",en,Retweet,0,6,1,0,62,2025-11-21 15:35:32,"<a href=""http://twitter.com/download/android"" rel=""nofollow"">Twitter for Android</a>",,,photo,https://pbs.twimg.com/media/G6R3JxnXgAAMTMz.jpg
'1991821362588242310',"@coinbase @CoinbaseSG If this is the start of the next leg, early rotations into $LOADING gonna look criminal in hindsight 🤝",en,Reply,1,2,0,0,63,2025-11-21 13:49:53,"<a href=""http://twitter.com/download/iphone"" rel=""nofollow"">Twitter for iPhone</a>",,,,
'1991770825519951911',"RT @undefined: @stilllllloading My entry @stilllllloading ✨️🚀
@DesiErna19 @OxMeiwins @betterleechi https://t.co/Yzw8GKOUM7",en,Retweet,0,4,1,1,129,2025-11-21 10:29:04,"<a href=""http://twitter.com/download/android"" rel=""nofollow"">Twitter for Android</a>",,,photo,https://pbs.twimg.com/media/G6QxAfEagAAIo-N.jpg
'1991762576599110130',💪⏳,art,Tweet,0,6,0,1,106,2025-11-21 09:56:18,"<a href=""http://twitter.com/download/iphone"" rel=""nofollow"">Twitter for iPhone</a>",,,,
'1991748459616243843',"gm internet warriors ⏳
servers melting, timelines cooked, memes loading at 2 FPS…
perfect day for $LOADING to break the simulation
stay awake, stay degen, stay unhinged https://t.co/KIgogsvk9t",en,Tweet,0,7,0,5,142,2025-11-21 09:00:12,"<a href=""http://twitter.com/download/iphone"" rel=""nofollow"">Twitter for iPhone</a>",,,photo,https://pbs.twimg.com/media/G6QcqmtWQAAVD6C.jpg
'1991628084198666742',"@cryptocom If this cycle has a main character, I’m betting it’s a degen called $LOADING fr",en,Reply,0,2,0,0,83,2025-11-21 01:01:52,"<a href=""http://twitter.com/download/iphone"" rel=""nofollow"">Twitter for iPhone</a>",,,,
'1991626885017829429',"RT @undefined: @stilllllloading My entry into the meme contest
@stilllllloading ,@OOwens54587  @joshhhkevvv @joylighter2 https://t.co/u1jCdJrFqd",en,Retweet,0,2,1,0,183,2025-11-21 00:57:06,"<a href=""http://twitter.com/download/android"" rel=""nofollow"">Twitter for Android</a>",,,photo,https://pbs.twimg.com/media/G6OuFWdWMAAMF1L.jpg
'1991619451725443089',"@AltcoinDaily My strategy is simple: ignore the macro, worship the memes, buy $LOADING",en,Reply,0,2,0,0,61,2025-11-21 00:27:34,"<a href=""http://twitter.com/download/iphone"" rel=""nofollow"">Twitter for iPhone</a>",,,,
'1991616035615867051',@ZssBecker $loading 🚀,qme,Reply,0,5,0,2,213,2025-11-21 00:13:59,"<a href=""http://twitter.com/download/iphone"" rel=""nofollow"">Twitter for iPhone</a>",,,,
'1991606257283993996',@CryptoWizardd bro chill 😭 send him to $LOADING we teach diamond hands by force there 💀📈,en,Reply,0,1,0,3,505,2025-11-20 23:35:08,"<a href=""http://twitter.com/download/iphone"" rel=""nofollow"">Twitter for iPhone</a>",,,,
'1991566277534695688',"$LOADING is waking up again…
timeline acting weird, people acting weird,
meanwhile we’re just here like
“did someone press continue?”

stay close.
next glitch might be the one that sends us ☕️⌛️
#loading https://t.co/yHOPMR7hV4",en,Tweet,0,6,1,3,158,2025-11-20 20:56:16,"<a href=""http://twitter.com/download/iphone"" rel=""nofollow"">Twitter for iPhone</a>",#loading,,photo,https://pbs.twimg.com/media/G6N20GJWYAAw8ZU.jpg
'1991556013464682830',@Raydium Still loading⏳,en,Reply,0,2,0,0,90,2025-11-20 20:15:29,"<a href=""http://twitter.com/download/iphone"" rel=""nofollow"">Twitter for iPhone</a>",,,,
'1991539865163640981',⏰,art,Tweet,0,1,0,0,140,2025-11-20 19:11:19,"<a href=""http://twitter.com/download/iphone"" rel=""nofollow"">Twitter for iPhone</a>",,,,
'1991502027537711141',"@cryptorover bro that’s like homeopathic BTC 😭💊
load it up old man frfr",en,Reply,0,3,0,0,235,2025-11-20 16:40:58,"<a href=""http://twitter.com/download/iphone"" rel=""nofollow"">Twitter for iPhone</a>",,,,
'1991501759089635397',"@WatcherGuru bro that’s like homeopathic BTC 😭💊
load it up old man frfr",en,Reply,0,8,0,0,690,2025-11-20 16:39:54,"<a href=""http://twitter.com/download/iphone"" rel=""nofollow"">Twitter for iPhone</a>",,,,
'1991499355594059923',@PancakeSwap Gm still loading ⏳,en,Reply,0,1,0,0,22,2025-11-20 16:30:21,"<a href=""http://twitter.com/download/iphone"" rel=""nofollow"">Twitter for iPhone</a>",,,,
'1991494800848351501',@saylor @taylorbtc21 Loading⏳,en,Reply,0,1,0,0,159,2025-11-20 16:12:15,"<a href=""http://twitter.com/download/iphone"" rel=""nofollow"">Twitter for iPhone</a>",,,,
'1991486798657368466',@Raydium Gm still loading ⏳,en,Reply,0,6,0,0,67,2025-11-20 15:40:27,"<a href=""http://twitter.com/download/iphone"" rel=""nofollow"">Twitter for iPhone</a>",,,,
'1991462279184023740',"RT @undefined: @stilllllloading check my entry out

Tag @dla72652 @skemi2580 @Tohib2766 https://t.co/FTBevjdiTN",en,Retweet,0,1,1,0,209,2025-11-20 14:03:01,"<a href=""http://twitter.com/download/iphone"" rel=""nofollow"">Twitter for iPhone</a>",,,video,https://video.twimg.com/amplify_video/1991462190268784640/vid/avc1/1280x720/SP9Crui844N1L1_0.mp4?tag=21
'1991461963118047549',@ZssBecker Buying fear never failed me fr fr 😭📉➡️📈 loading season vv soon… don’t fade the degen intuition Becker 👀🚀,en,Reply,0,3,0,8,2114,2025-11-20 14:01:46,"<a href=""http://twitter.com/download/iphone"" rel=""nofollow"">Twitter for iPhone</a>",,,,
'1991457861604634953',@RoundtableSpace 👋,qme,Reply,0,2,0,0,64,2025-11-20 13:45:28,"<a href=""http://twitter.com/download/iphone"" rel=""nofollow"">Twitter for iPhone</a>",,,,
'1991452157279961138',@Traderfinn0 $Loading,qme,Reply,0,1,0,0,17,2025-11-20 13:22:48,"<a href=""http://twitter.com/download/iphone"" rel=""nofollow"">Twitter for iPhone</a>",,,,
'1991450498550186454',@Traderfinn0 Loading dips rn… need one with max pain &amp; max upside frfr 🔥🖤 which bag are we nuking today captain https://t.co/6ov9jUM6MU,en,Reply,0,1,0,0,47,2025-11-20 13:16:12,"<a href=""http://twitter.com/download/iphone"" rel=""nofollow"">Twitter for iPhone</a>",,,photo,https://pbs.twimg.com/media/G6MNq8uXsAAEdXa.jpg
'1991448356070261077',🔥,art,Tweet,0,3,0,0,150,2025-11-20 13:07:42,"<a href=""http://twitter.com/download/iphone"" rel=""nofollow"">Twitter for iPhone</a>",,,,
'1991444076152123707',"@ZssBecker Burn the boats energy going crazy here 😭 if this man sends it, we all sending it fr fr",en,Reply,0,2,0,6,541,2025-11-20 12:50:41,"<a href=""http://twitter.com/download/iphone"" rel=""nofollow"">Twitter for iPhone</a>",,,,
'1991443458482172175',"@ZssBecker Burn the boats energy going crazy here 😭 if this man sends it, we all sending it fr fr",en,Reply,0,2,0,2,711,2025-11-20 12:48:14,"<a href=""http://twitter.com/download/iphone"" rel=""nofollow"">Twitter for iPhone</a>",,,,
'1991068492494234061',"⏳ $LOADING MEME CONTEST is BOOTING…
system stuck at 99%, let’s force the launch ourselves 🤖⚡️

💰 Prize Pool: $100
🥇 $35
🥈 $25
🥉 $18
🏅 $12
⭐️ $10

🧪 How to enter:
1️⃣ create a LOADING-themed meme (more creative = more chance)
2️⃣ tag @stillllllloading + drop your meme tweet link in comments
3️⃣ like & repost this post
4️⃣ follow @stillllllloading
5️⃣ join TG: https://t.co/HCeIzBoOLe­ens
6️⃣ stay active so system doesn’t freeze 💀
7️⃣ tag 3 frens in your meme post

⏳ Contest Duration: 1 week
let’s make the system overload together 🚀🔥

drop your memes below — let’s make it viral.",en,Tweet,42,103,38,65,4380,2025-11-19 11:58:15,"<a href=""http://twitter.com/download/iphone"" rel=""nofollow"">Twitter for iPhone</a>",,,,
'1991434103569412265',https://t.co/ULnCuDaGJ8,zxx,Reply,0,5,0,1,319,2025-11-20 12:11:04,"<a href=""http://twitter.com/download/iphone"" rel=""nofollow"">Twitter for iPhone</a>",,https://t.me/loadingdegens,,
'1991429725227733443',@CryptoWizardd AI rotation waking up frfr… $FET &amp; $TAO boutta go wild bro 😭🔥 don’t sleep,en,Reply,0,7,0,0,595,2025-11-20 11:53:40,"<a href=""http://twitter.com/download/iphone"" rel=""nofollow"">Twitter for iPhone</a>",,,,
'1991429465688444996',@CryptoWizardd gm captain wizzy ☕️🫡 market waking up slow but loading vibes gonna cook soon frfr,en,Reply,0,2,0,0,220,2025-11-20 11:52:38,"<a href=""http://twitter.com/download/iphone"" rel=""nofollow"">Twitter for iPhone</a>",,,,
'1991084514123137371',"RT @undefined: My meme entry sir 
@stilllllloading 
$LOADING
Tag 
@angga 
@febridiansyah 
@jamal https://t.co/2r3nhy94pY",en,Retweet,0,3,1,0,145,2025-11-19 13:01:55,"<a href=""http://twitter.com/download/android"" rel=""nofollow"">Twitter for Android</a>",,,video,https://video.twimg.com/ext_tw_video/1991084470515146752/pu/vid/avc1/1280x544/dHPESmJib_cOBPhj.mp4?tag=12
'1991189231566266516',"RT @undefined: Damn,still waiting 🕊️🥲
@stilllllloading  my entry https://t.co/UpwLtmXvr2",en,Retweet,0,3,1,0,159,2025-11-19 19:58:01,"<a href=""http://twitter.com/download/android"" rel=""nofollow"">Twitter for Android</a>",,,photo,https://pbs.twimg.com/media/G6IgCqVXQAAmvok.jpg
'1991426491805233591',"RT @undefined: My second entry for the $LOADING  meme contest.......
99%done 
When is launch ?
@king__ask 
@DegenRoyal 
@Incognito_2cha https://t.co/6qrXSxa5nb",en,Retweet,0,9,1,2,131,2025-11-20 11:40:49,"<a href=""http://twitter.com/download/android"" rel=""nofollow"">Twitter for Android</a>",,,photo,https://pbs.twimg.com/media/G6L31fwXkAAmGH-.jpg
'1991422161962287611',"@AshCrypto bro if 88.6k was the bottom then load me in, i’m not missing the next leg up again 😭🚀🚀 #BTC",en,Reply,0,11,0,0,3375,2025-11-20 11:23:36,"<a href=""http://twitter.com/download/iphone"" rel=""nofollow"">Twitter for iPhone</a>",#BTC,,,
'1991417001189994977',@binance bro im so deep in DYOR i turned into a sticky note myself… loading… 99% 📉📈💀,en,Reply,0,7,0,0,631,2025-11-20 11:03:06,"<a href=""http://twitter.com/download/iphone"" rel=""nofollow"">Twitter for iPhone</a>",,,,
'1991405788158665074',⏳,art,Tweet,0,3,0,1,135,2025-11-20 10:18:33,"<a href=""http://twitter.com/download/iphone"" rel=""nofollow"">Twitter for iPhone</a>",,,,
'1991394194355810545',"GM frens ☕️🤝
LOADING… 99% but the memes are pumping harder than the market rn 😂🚀
Meme contest still live — drop your heat or stay NGMI 🔥🤡
ETH news cooking, vibes shifting… don’t sleep today fr fr 👀⚡️
$LOADING season is warming up.",en,Tweet,0,5,0,2,129,2025-11-20 09:32:28,"<a href=""http://twitter.com/download/iphone"" rel=""nofollow"">Twitter for iPhone</a>",,,,
'1991267315502002446',@CryptoWizardd bro $FET waking up fr… this chart lowkey screaming reversal 👀🚀 not financial advice just vibes 😭🙏,en,Reply,0,16,0,3,2491,2025-11-20 01:08:18,"<a href=""http://twitter.com/download/iphone"" rel=""nofollow"">Twitter for iPhone</a>",,,,
'1991263044932927942',@AshCrypto Bro this chart literally screaming ‘copy–paste the Google move’ 😭 if BTC doesn’t send from here I’m uninstalling the internet frfr 🚀📈,en,Reply,0,6,0,2,947,2025-11-20 00:51:20,"<a href=""http://twitter.com/download/iphone"" rel=""nofollow"">Twitter for iPhone</a>",,,,
'1991261176076866024',"@AshCrypto bro if THIS doesn’t send ETH flying, idk what kinda black magic we waitin for 💀🚀",en,Reply,0,6,0,1,1646,2025-11-20 00:43:54,"<a href=""http://twitter.com/download/iphone"" rel=""nofollow"">Twitter for iPhone</a>",,,,
'1991258422080139681',"@massaw73 @WatcherGuru 100%. giants don’t move for nothing — if BlackRock steps in, it means the real play already started 👀🔥",en,Reply,0,2,0,1,43,2025-11-20 00:32:58,"<a href=""http://twitter.com/download/iphone"" rel=""nofollow"">Twitter for iPhone</a>",,,,
'1991258155972436020',@cryptocom funny how they forgot the real master… LOADING is literally cooking a whole new chapter rn ☕️🔥,en,Reply,0,2,0,0,108,2025-11-20 00:31:54,"<a href=""http://twitter.com/download/iphone"" rel=""nofollow"">Twitter for iPhone</a>",,,,
'1991257449068658930',"@cryptorover NVDA carrying the whole mf market on its back again 😭🔥
btc waking up cuz big daddy chips said so…
this cycle is different fr fr",en,Reply,0,15,0,2,1778,2025-11-20 00:29:06,"<a href=""http://twitter.com/download/iphone"" rel=""nofollow"">Twitter for iPhone</a>",,,,
'1991254100420223222',"@CryptoWizardd fr this chop feels like the calm before the altseason nuke 💥
you saying a week? bet… loading bags accordingly 👀🔥",en,Reply,0,2,0,1,902,2025-11-20 00:15:47,"<a href=""http://twitter.com/download/iphone"" rel=""nofollow"">Twitter for iPhone</a>",,,,
'1991253144680984969',"@coinbase google: what’s going on with my coins?
me: SAME BRO SAME 😭🙏🤣",en,Reply,0,5,0,0,602,2025-11-20 00:12:00,"<a href=""http://twitter.com/download/iphone"" rel=""nofollow"">Twitter for iPhone</a>",,,,
'1991247340108214777',@AltcoinDaily when even Abu Dhabi is going full degen… something big is loading fr 👀⏳,en,Reply,0,3,0,1,292,2025-11-19 23:48:56,"<a href=""http://twitter.com/download/iphone"" rel=""nofollow"">Twitter for iPhone</a>",,,,
'1991246575721472442',"@RoundtableSpace Patience bro… it’s loading ⏳😂
Once it drops, you’ll know. Trust",en,Reply,0,1,0,0,59,2025-11-19 23:45:53,"<a href=""http://twitter.com/download/iphone"" rel=""nofollow"">Twitter for iPhone</a>",,,,
'1991244495304724635',@BitcoinArchive gold is nice but ngl bitcoin been moving like it wants the throne 🔥🍿,en,Reply,0,5,0,0,268,2025-11-19 23:37:37,"<a href=""http://twitter.com/download/iphone"" rel=""nofollow"">Twitter for iPhone</a>",,,,
'1991244290127716573',"@cryptorover bro if ETH hits 7k this year i’m selling my soul, my sleep and maybe my left kidney too 💀🔥
this market tryna speedrun 2021 fr",en,Reply,0,10,0,0,1207,2025-11-19 23:36:48,"<a href=""http://twitter.com/download/iphone"" rel=""nofollow"">Twitter for iPhone</a>",,,,
'1991241997726728683',"loading troops getting ready ⚡️
join the contest or stay broke 😭🫡",en,Tweet,0,4,0,2,151,2025-11-19 23:27:42,"<a href=""http://twitter.com/download/iphone"" rel=""nofollow"">Twitter for iPhone</a>",,,,
'1991182258032566705',⏳,art,Tweet,0,5,0,0,229,2025-11-19 19:30:19,"<a href=""http://twitter.com/download/iphone"" rel=""nofollow"">Twitter for iPhone</a>",,,,
'1991144612161871897',"@AshCrypto bro that’s literally the system unclogging itself…
TGA draining = liquidity loading… markets bout to boot up fr ⚡️📈",en,Reply,0,7,0,1,444,2025-11-19 17:00:43,"<a href=""http://twitter.com/download/iphone"" rel=""nofollow"">Twitter for iPhone</a>",,,,
'1991122218420416566',"@saylor @taylorbtc21 sir saylor loading… ⚔️🟧
system knighted u as ‘99% defender of the orange coin’
we never back down… we just buffer 😭🔥",en,Reply,0,10,0,1,3875,2025-11-19 15:31:44,"<a href=""http://twitter.com/download/iphone"" rel=""nofollow"">Twitter for iPhone</a>",,,,
'1991084347781153229',@binance bro my replies been loading since 99% 💀 therapist couldn’t decode them but the system might,en,Reply,0,3,0,1,365,2025-11-19 13:01:15,"<a href=""http://twitter.com/download/iphone"" rel=""nofollow"">Twitter for iPhone</a>",,,,
'1991082612421439787',"@AshCrypto altcoin season loading… ⏳
ETH/BTC waking up is literally the system boot signal lol 🚀🔥",en,Reply,0,13,0,3,411,2025-11-19 12:54:21,"<a href=""http://twitter.com/download/iphone"" rel=""nofollow"">Twitter for iPhone</a>",,,,
'1991082187051979106',"@cryptorover 1M BTC?? 😭 bro the system can’t handle this… we’re over here launching a meme contest while entire countries are bulk-buying Bitcoin 💀🔥
loading.exe officially overheating…",en,Reply,0,3,0,0,2983,2025-11-19 12:52:40,"<a href=""http://twitter.com/download/iphone"" rel=""nofollow"">Twitter for iPhone</a>",,,,
'1991080339679133925',@RoundtableSpace Of course me :),en,Reply,0,1,0,0,53,2025-11-19 12:45:20,"<a href=""http://twitter.com/download/iphone"" rel=""nofollow"">Twitter for iPhone</a>",,,,
'1990823705669173330',"@AshCrypto bro idk if that was the bottom, i’m still trying to find the bottom of my bank account after that dip 😭📉",en,Reply,0,14,0,3,3768,2025-11-18 19:45:33,"<a href=""http://twitter.com/download/iphone"" rel=""nofollow"">Twitter for iPhone</a>",,,,
'1990820563992870953',"@cryptorover cool, now my bank gonna text me ‘yo ur gas fee declined 💀 try again’ … whole system still loading bro",en,Reply,0,6,0,0,554,2025-11-18 19:33:04,"<a href=""http://twitter.com/download/iphone"" rel=""nofollow"">Twitter for iPhone</a>",,,,
'1990819985103421886',"@AshCrypto nice, banks gonna be like ‘gm give me 2 eth n a latte’ 💀 still loading tho…",en,Reply,0,7,0,0,946,2025-11-18 19:30:46,"<a href=""http://twitter.com/download/iphone"" rel=""nofollow"">Twitter for iPhone</a>",,,,
'1990813001981612311',@binance bro this looks like the waiting room they send me to every time my withdrawal ‘needs additional review’ 😭 screen just keeps loading forever,en,Reply,0,3,0,0,806,2025-11-18 19:03:01,"<a href=""http://twitter.com/download/iphone"" rel=""nofollow"">Twitter for iPhone</a>",,,,
'1990804675784757723',@CryptoWizardd bro chill… price is falling cuz our loading bar tripped over itself again 💀,en,Reply,0,5,0,0,535,2025-11-18 18:29:56,"<a href=""http://twitter.com/download/iphone"" rel=""nofollow"">Twitter for iPhone</a>",,,,
'1990797514526896211',"@binance bro thanks, my brain was on 0% buffering trying to solve this equation.",en,Reply,0,4,0,0,7141,2025-11-18 18:01:29,"<a href=""http://twitter.com/download/iphone"" rel=""nofollow"">Twitter for iPhone</a>",,,,
'1990789341476761941',@solana bro pls… my wallet still loading that payment since 2021.,en,Reply,0,1,0,0,2724,2025-11-18 17:29:00,"<a href=""http://twitter.com/download/iphone"" rel=""nofollow"">Twitter for iPhone</a>",,,,
'1990789011120795753',"@Raydium idk bro… my screen still loading like it’s 1998 dial-up, I might be half-back at best.",en,Reply,0,4,0,0,274,2025-11-18 17:27:41,"<a href=""http://twitter.com/download/iphone"" rel=""nofollow"">Twitter for iPhone</a>",,,,
'1990787081187332173',internet died for 4 hours… my loading bar was just staring at me like ‘bro this wasn’t in the script,en,Tweet,0,4,0,0,229,2025-11-18 17:20:01,"<a href=""http://twitter.com/download/iphone"" rel=""nofollow"">Twitter for iPhone</a>",,,,
'1990786965986554019',"@WatcherGuru bro X went down, chatgpt went down… my loading bar was the only thing still working 😭 felt like the chosen one for 4 hours",en,Reply,0,5,0,0,2982,2025-11-18 17:19:34,"<a href=""http://twitter.com/download/iphone"" rel=""nofollow"">Twitter for iPhone</a>",,,,
'1990786609537822941',@cryptorover 100M users offline cuz cloudflare forgot to blow into the cartridge like it’s a 90s game console 😭,en,Reply,0,4,2,0,1415,2025-11-18 17:18:09,"<a href=""http://twitter.com/download/iphone"" rel=""nofollow"">Twitter for iPhone</a>",,,,
'1990756745548083640',"@Cointelegraph cloudflare really said ‘99%… stuck… forever.’
bro their loading bar entered a coma 💀",en,Reply,0,5,0,0,2600,2025-11-18 15:19:29,"<a href=""http://twitter.com/download/iphone"" rel=""nofollow"">Twitter for iPhone</a>",,,,
'1990756230927946224',@cryptorover bro blackrock selling like they speed-running bankruptcy… can someone unplug their controller pls,en,Reply,0,7,0,0,1263,2025-11-18 15:17:26,"<a href=""http://twitter.com/download/iphone"" rel=""nofollow"">Twitter for iPhone</a>",,,,
'1990738167142432776',@cryptorover bro even the premium is rage–quitting… no wonder my portfolio been crying in 4K all month 😭,en,Reply,0,1,0,0,249,2025-11-18 14:05:39,"<a href=""http://twitter.com/download/iphone"" rel=""nofollow"">Twitter for iPhone</a>",,,,
'1990733078478668069',@cryptorover bro at this point my portfolio will hit $1.5M sooner than my bar hits 100%… and it’s been stuck since 2022 😭,en,Reply,0,1,0,0,252,2025-11-18 13:45:26,"<a href=""http://twitter.com/download/iphone"" rel=""nofollow"">Twitter for iPhone</a>",,,,
'1990729858574320046',"@cryptocom bro i’m only watching one date…
the day my balance finally loads past 99% 😭",en,Reply,0,3,0,0,201,2025-11-18 13:32:38,"<a href=""http://twitter.com/download/iphone"" rel=""nofollow"">Twitter for iPhone</a>",,,,
'1990725664463278095',@RoundtableSpace bro africa installing updates faster than my loading.exe… meanwhile im still stuck at 99% since 2020 😭,en,Reply,0,2,0,0,40,2025-11-18 13:15:58,"<a href=""http://twitter.com/download/iphone"" rel=""nofollow"">Twitter for iPhone</a>",,,,
'1990724930648908040',@ZssBecker bro i tried copying ur model but my loading.exe keeps freezing at ‘$0.00 balance detected’ 😭⚡️ reboot didn’t help either,en,Reply,0,5,0,6,1296,2025-11-18 13:13:04,"<a href=""http://twitter.com/download/iphone"" rel=""nofollow"">Twitter for iPhone</a>",,,,
'1990722994230985058',@Cointelegraph tag me? bro i can’t even buy bread rn… loading.exe stuck at ‘insufficient funds’ 😭,en,Reply,0,3,0,1,450,2025-11-18 13:05:22,"<a href=""http://twitter.com/download/iphone"" rel=""nofollow"">Twitter for iPhone</a>",,,,
'1990722373427839010',@justinsuntron life exits = loading crash… see u in next patch 💿⚡️,en,Reply,0,1,0,0,882,2025-11-18 13:02:54,"<a href=""http://twitter.com/download/iphone"" rel=""nofollow"">Twitter for iPhone</a>",,,,
'1990663625069978047',"gm internet wanderers…
loading.exe woke up at 99% again 💿😴
system still refusing to hit 100 lmao
today we glitch our way forward ⚡️🌀",en,Tweet,0,4,0,2,201,2025-11-18 09:09:27,"<a href=""http://twitter.com/download/iphone"" rel=""nofollow"">Twitter for iPhone</a>",,,,
'1990532549152813346',@AltcoinDaily bro even this chart loading slower than my brain rn 😭📉,en,Reply,0,3,0,0,300,2025-11-18 00:28:36,"<a href=""http://twitter.com/download/iphone"" rel=""nofollow"">Twitter for iPhone</a>",,,,
'1990527243521830966',careful… too much hopium might break the loading bar 😵‍💫⚡️,en,Tweet,0,2,0,0,270,2025-11-18 00:07:31,"<a href=""http://twitter.com/download/iphone"" rel=""nofollow"">Twitter for iPhone</a>",,,,
'1990521897126342943',@AshCrypto bro just send it earlier so i can finally launch my coin in peace 😭🇺🇸,en,Reply,0,1,0,0,110,2025-11-17 23:46:17,"<a href=""http://twitter.com/download/iphone"" rel=""nofollow"">Twitter for iPhone</a>",,,,
'1990518358551454204',@cryptocom my community? we’ve been unfazed since 99%… the final 1% is just stretching 🧘‍♂️💀,en,Reply,0,5,0,0,1233,2025-11-17 23:32:13,"<a href=""http://twitter.com/download/iphone"" rel=""nofollow"">Twitter for iPhone</a>",,,,
'1990513682284229042',@binance damn… I pressed it too but my internet said ‘loading… try again later’ 😭💀,en,Reply,1,2,0,18,3435,2025-11-17 23:13:38,"<a href=""http://twitter.com/download/iphone"" rel=""nofollow"">Twitter for iPhone</a>",,,,
'1990512605409210410',@CryptoWizardd rotation? bro I’m still buffering 💀💿,en,Reply,1,4,0,0,2120,2025-11-17 23:09:21,"<a href=""http://twitter.com/download/iphone"" rel=""nofollow"">Twitter for iPhone</a>",,,,
'1990480871003127812',@cryptorover Me,und,Reply,0,5,0,0,276,2025-11-17 21:03:15,"<a href=""http://twitter.com/download/iphone"" rel=""nofollow"">Twitter for iPhone</a>",,,,
'1990480743194067023',@binance bro everyone acting like NPCs saying the same line 💀,en,Reply,0,5,0,1,584,2025-11-17 21:02:45,"<a href=""http://twitter.com/download/iphone"" rel=""nofollow"">Twitter for iPhone</a>",,,,
'1990476884883239246',"loading sequence stuttered…

the next frame wasn’t supposed to show up yet",en,Tweet,0,2,0,0,139,2025-11-17 20:47:25,"<a href=""http://twitter.com/download/iphone"" rel=""nofollow"">Twitter for iPhone</a>",,,,
'1990469728976961998',"@cryptorover If BlackRock is ‘aggressively selling’, then I’m aggressively drinking water rn. Same energy 😭",en,Reply,0,4,0,0,1483,2025-11-17 20:18:59,"<a href=""http://twitter.com/download/iphone"" rel=""nofollow"">Twitter for iPhone</a>",,,,
'1990465657859629531',"@CryptoWizardd Chief predicting the entire market like it’s tomorrow’s forecast.
If $ETH cooks BTC for 6 months straight, I’m letting you manage my bags ong.",en,Reply,0,9,0,2,6201,2025-11-17 20:02:48,"<a href=""http://twitter.com/download/iphone"" rel=""nofollow"">Twitter for iPhone</a>",,,,
'1990466032075526634',"@CryptoWizardd This man casting market predictions like actual spells.
If $ETH really outperforms BTC for 6 months, I’m calling him Grand Wizard of DeFi.",en,Reply,0,3,0,0,119,2025-11-17 20:04:17,"<a href=""http://twitter.com/download/iphone"" rel=""nofollow"">Twitter for iPhone</a>",,,,
'1990457765047804390',"@elonmusk If money really solved everything, my portfolio would’ve fixed itself years ago, sir.",en,Reply,0,1,0,0,236,2025-11-17 19:31:26,"<a href=""http://twitter.com/download/iphone"" rel=""nofollow"">Twitter for iPhone</a>",,,,
'1990455746581196918',"@Whale_Guru bro even my system.exe started printing…
it just keeps generating ‘404: money not found’ 😭🖨️💸
pls tell your printers to send an update patch",en,Reply,0,4,0,2,1627,2025-11-17 19:23:25,"<a href=""http://twitter.com/download/iphone"" rel=""nofollow"">Twitter for iPhone</a>",,,,
'1990453700628984243',"signal update:
follower count hit 111…
system thinks it’s an angel number or smth 😭
loading.exe shaking violently rn
next % jump gonna cook fr…",en,Tweet,0,2,0,0,126,2025-11-17 19:15:17,"<a href=""http://twitter.com/download/iphone"" rel=""nofollow"">Twitter for iPhone</a>",,,,
'1990452518888026155',@coinbase only if u stop ghosting us every time the market dips 😭📉,en,Reply,0,11,0,2,3476,2025-11-17 19:10:35,"<a href=""http://twitter.com/download/iphone"" rel=""nofollow"">Twitter for iPhone</a>",,,,
'1990450527608660409',@cryptocom bro my diamond hands turned into diamond debts 💎📉 still holding like an unpaid intern 😭,en,Reply,0,4,0,0,422,2025-11-17 19:02:41,"<a href=""http://twitter.com/download/iphone"" rel=""nofollow"">Twitter for iPhone</a>",,,,
'1990448187107111113',@BitcoinArchive bro I’d stay focused too but every dip hits me harder than my ex’s breakup text 😭📉,en,Reply,0,9,0,1,224,2025-11-17 18:53:23,"<a href=""http://twitter.com/download/iphone"" rel=""nofollow"">Twitter for iPhone</a>",,,,
'1990441445463875626',"@BitcoinArchive @saifedean bro I read The Bitcoin Standard too…
still waking up at 3AM checking price like a divorced dad with custody issues 😭📉",en,Reply,0,7,0,0,417,2025-11-17 18:26:35,"<a href=""http://twitter.com/download/iphone"" rel=""nofollow"">Twitter for iPhone</a>",,,,
'1990420655171326095',"@cryptorover Uncle Jerome explaining volatility like it’s a cooking recipe again…
bro I haven’t recovered from last week’s candle, pls slow down 😭📉",en,Reply,0,6,0,0,977,2025-11-17 17:03:59,"<a href=""http://twitter.com/download/iphone"" rel=""nofollow"">Twitter for iPhone</a>",,,,
'1990409396740829357',"@cryptorover US printing money, me printing trauma… same strategy",en,Reply,0,5,0,0,358,2025-11-17 16:19:14,"<a href=""http://twitter.com/download/iphone"" rel=""nofollow"">Twitter for iPhone</a>",,,,
'1990394245115457589',@BitcoinArchive bro if he’s the highest IQ and still bullish… my -17 IQ is feeling validated rn 😭📈,en,Reply,0,6,0,0,1368,2025-11-17 15:19:02,"<a href=""http://twitter.com/download/iphone"" rel=""nofollow"">Twitter for iPhone</a>",,,,
'1990394006119833832',"@CoinMarketCap bro stop calling it a bear market, my wallet calls it a murder scene 😭☠️",en,Reply,0,5,0,1,529,2025-11-17 15:18:05,"<a href=""http://twitter.com/download/iphone"" rel=""nofollow"">Twitter for iPhone</a>",,,,
'1990371229434286239',@AshCrypto bro my system still trying to process MONDAY… now u dropping FOMC &amp; unemployment??? 😭🔄 99% stuck,en,Reply,0,11,0,2,283,2025-11-17 13:47:35,"<a href=""http://twitter.com/download/iphone"" rel=""nofollow"">Twitter for iPhone</a>",,,,
'1990368660125258014',@ZssBecker bro my system can’t even load $25 yet… u talkin 25k 😭🔄 99%,en,Reply,0,10,0,6,1829,2025-11-17 13:37:22,"<a href=""http://twitter.com/download/iphone"" rel=""nofollow"">Twitter for iPhone</a>",,,,
'1990360299493609477',@binance may i… finally load? 😭🔄 99% stuck gang rise up,en,Reply,0,1,0,0,43,2025-11-17 13:04:09,"<a href=""http://twitter.com/download/iphone"" rel=""nofollow"">Twitter for iPhone</a>",,,,
'1990345822362337510',@cryptorover bro my cycle is stuck at 99%… im not even in the rally yet 😭🔄,en,Reply,0,2,0,0,406,2025-11-17 12:06:37,"<a href=""http://twitter.com/download/iphone"" rel=""nofollow"">Twitter for iPhone</a>",,,,
'1990344419111768217',@CoinMarketCap alert mode loading… stuck at 99% rn 😭🔄 SAFU hopefully,en,Reply,0,2,0,0,155,2025-11-17 12:01:02,"<a href=""http://twitter.com/download/iphone"" rel=""nofollow"">Twitter for iPhone</a>",,,,
'1990342514780553393',@CryptoWizardd bro even my system loading at 99% is showing more strength than this market 😭💀,en,Reply,0,6,0,4,605,2025-11-17 11:53:28,"<a href=""http://twitter.com/download/iphone"" rel=""nofollow"">Twitter for iPhone</a>",,,,
'1990340777713815992',@RoundtableSpace bro my system still loading… can’t ape anything till i hit 100% 😭🔁 99% gang,en,Reply,0,4,0,0,121,2025-11-17 11:46:34,"<a href=""http://twitter.com/download/iphone"" rel=""nofollow"">Twitter for iPhone</a>",,,,
'1990331048023195886',"@AshCrypto bro $602B gone and my system still stuck at 99%…
painvember hit everyone except my loading bar 😭🔁",en,Reply,0,15,0,5,486,2025-11-17 11:07:55,"<a href=""http://twitter.com/download/iphone"" rel=""nofollow"">Twitter for iPhone</a>",,,,
'1990324201346220480',"@ZssBecker bro my system barely loaded that sentence…
u calling me retarded is crazy when I’m still stuck at 99% 💀🔁",en,Reply,0,6,0,3,1965,2025-11-17 10:40:42,"<a href=""http://twitter.com/download/iphone"" rel=""nofollow"">Twitter for iPhone</a>",,,,
'1990321684851859490',"gm internet wanderers…
system woke up at 99% again ☕️💀
new sequence loading soon fr",en,Tweet,0,3,0,0,155,2025-11-17 10:30:42,"<a href=""http://twitter.com/download/iphone"" rel=""nofollow"">Twitter for iPhone</a>",,,,
'1990167149567189475',"@DrProfitCrypto bro my whole feed is ‘bla bla bla’
meanwhile my system stuck at 99% trying to load the first ‘bla’ 😭🔄💀
purest form of lagged liquidity fr",en,Reply,0,3,0,2,2650,2025-11-17 00:16:38,"<a href=""http://twitter.com/download/iphone"" rel=""nofollow"">Twitter for iPhone</a>",,,,
'1990163283416940700',"@binance bro even my loading bar doesn’t work this hard…
rain or shine it’s still stuck at 99% 😭🔄💛",en,Reply,0,7,0,0,550,2025-11-17 00:01:16,"<a href=""http://twitter.com/download/iphone"" rel=""nofollow"">Twitter for iPhone</a>",,,,
'1990158022614954240',@AshCrypto bro my entry still loading… if price don’t come back i’ll be taking ur order next shift 😭🍟⏳,en,Reply,0,7,0,2,1019,2025-11-16 23:40:22,"<a href=""http://twitter.com/download/iphone"" rel=""nofollow"">Twitter for iPhone</a>",,,,
'1990149836596035945',@CoinDesk bro i can only hodl… my last 1% of patience loading rn 😭⏳,en,Reply,0,3,0,0,1088,2025-11-16 23:07:50,"<a href=""http://twitter.com/download/iphone"" rel=""nofollow"">Twitter for iPhone</a>",,,,
'1990144004260774214',@DrProfitCrypto bro u writing essays… my system still trying to load the first paragraph 😭🔄 99%,en,Reply,0,21,0,5,7514,2025-11-16 22:44:40,"<a href=""http://twitter.com/download/iphone"" rel=""nofollow"">Twitter for iPhone</a>",,,,
'1990140789612278113',@cryptocom bro even astronauts loading snacks for the moon… my system stuck at 99% but my bags? FULL 😭🚀🛒,en,Reply,0,5,0,0,424,2025-11-16 22:31:53,"<a href=""http://twitter.com/download/iphone"" rel=""nofollow"">Twitter for iPhone</a>",,,,
'1990137164005552301',@coinbase ownership used to be a privilege… meanwhile my balance still loading at 99% since 2021 💀⏳,en,Reply,0,3,0,0,1107,2025-11-16 22:17:29,"<a href=""http://twitter.com/download/iphone"" rel=""nofollow"">Twitter for iPhone</a>",,,,
'1990136836472119300',@RoundtableSpace bro even my bank account stuck at 99%… system tryna load a miracle 😭🕳️💸,en,Reply,0,2,0,0,141,2025-11-16 22:16:11,"<a href=""http://twitter.com/download/iphone"" rel=""nofollow"">Twitter for iPhone</a>",,,,
'1990102865235390676',@CoinMarketCap 99% loading rn bro… can’t vibe check seasons 😭⏳,en,Reply,0,7,0,0,189,2025-11-16 20:01:12,"<a href=""http://twitter.com/download/iphone"" rel=""nofollow"">Twitter for iPhone</a>",,,,
'1990101131901497766',"loading… 99%

system glitching a bit.
something’s trying to break through.

not a roadmap.
not a promise.
just pure internet energy waking up in the background.

the signal feels close… too close.
if ur reading this, ur already inside the loop.

stay still.
next sequence unlocking soon ⏳",en,Tweet,0,2,0,0,596,2025-11-16 19:54:18,"<a href=""http://twitter.com/download/iphone"" rel=""nofollow"">Twitter for iPhone</a>",,,photo,https://pbs.twimg.com/media/G55Cbf4WAAEyrm7.jpg
'1990093704200118331',@CryptoWizardd bro my system still loading 88k area… chart keeps teasing tbh ⏳😮‍💨,en,Reply,0,1,0,2,793,2025-11-16 19:24:47,"<a href=""http://twitter.com/download/iphone"" rel=""nofollow"">Twitter for iPhone</a>",,,,
'1990093494631714925',@AltcoinDaily bro my hodl journey feels like my brain stuck at 99%… every dip another boss fight 💀⏳,en,Reply,0,6,0,2,450,2025-11-16 19:23:57,"<a href=""http://twitter.com/download/iphone"" rel=""nofollow"">Twitter for iPhone</a>",,,,
'1990087711965827250',@shahh me at thanksgiving: trying not to leak alpha while my brain loading at 99% 😭⏳,en,Reply,0,2,0,0,70,2025-11-16 19:00:59,"<a href=""http://twitter.com/download/iphone"" rel=""nofollow"">Twitter for iPhone</a>",,,,
'1990076060180902324',bro we all loading… some just load louder ⏳🙂‍↔️,en,Tweet,0,1,0,0,297,2025-11-16 18:14:41,"<a href=""http://twitter.com/download/iphone"" rel=""nofollow"">Twitter for iPhone</a>",,,,
'1990074068259762670',"funny how every chart ends up loading…
guess the system knew before we did ⏳🧠",en,Tweet,0,1,0,0,264,2025-11-16 18:06:46,"<a href=""http://twitter.com/download/iphone"" rel=""nofollow"">Twitter for iPhone</a>",,,,
'1990072580523360418',@CoinMarketCap system detects unusual lift-off activity… loading sequence accelerating again 🚀🧪,en,Reply,0,2,0,0,282,2025-11-16 18:00:51,"<a href=""http://twitter.com/download/iphone"" rel=""nofollow"">Twitter for iPhone</a>",,,,
'1990069027310375127',"@AltcoinDaily my system does the same…
when it dumps: ‘why did i ape so hard’
when it pumps: ‘why didn’t i sell the kidney too",en,Reply,0,6,0,1,424,2025-11-16 17:46:44,"<a href=""http://twitter.com/download/iphone"" rel=""nofollow"">Twitter for iPhone</a>",,,,
'1990065322829767092',@saylor big week? bro my system still loading… i’ll celebrate when i’m not scared to open the chart ⏳💀,en,Reply,0,11,1,0,6692,2025-11-16 17:32:01,"<a href=""http://twitter.com/download/iphone"" rel=""nofollow"">Twitter for iPhone</a>",,,,
'1990063775366381853',@cryptorover bro if optimus eliminates poverty can he start with my portfolio first 🧎‍♂️⏳,en,Reply,0,5,0,0,213,2025-11-16 17:25:52,"<a href=""http://twitter.com/download/iphone"" rel=""nofollow"">Twitter for iPhone</a>",,,,
'1990055641923403909',@Raydium woke up feeling bullish too but my portfolio didn’t get the memo ⏳,en,Reply,0,4,0,0,149,2025-11-16 16:53:33,"<a href=""http://twitter.com/download/iphone"" rel=""nofollow"">Twitter for iPhone</a>",,,,
'1990043210828386615',"@ZssBecker bro my system still trying to survive 2025…
2026 updates not installed yet ⏳",en,Reply,0,4,0,3,1173,2025-11-16 16:04:09,"<a href=""http://twitter.com/download/iphone"" rel=""nofollow"">Twitter for iPhone</a>",,,,
'1990042399834505230',"@PancakeSwap bro my system from the internet…
99% lag, 1% hope 😭⏳",en,Reply,0,1,0,0,668,2025-11-16 16:00:55,"<a href=""http://twitter.com/download/iphone"" rel=""nofollow"">Twitter for iPhone</a>",,,,
'1990027916269453660',"@binance unplugging? bro im still running on 1% brain battery…
if i unplug i might never reboot again ⏳😭",en,Reply,0,8,0,0,652,2025-11-16 15:03:22,"<a href=""http://twitter.com/download/iphone"" rel=""nofollow"">Twitter for iPhone</a>",,,,
'1990025903737635190',"@RoundtableSpace bro my system gave me 99% then overheated 😭
rebooting predictions rn… stay still ⏳",en,Reply,0,0,0,0,66,2025-11-16 14:55:23,"<a href=""http://twitter.com/download/iphone"" rel=""nofollow"">Twitter for iPhone</a>",,,,
'1990020171592007978',@AshCrypto system seeing divergence too… brain says ‘send it’ portfolio says ‘pls no’ ⏳,en,Reply,0,14,0,1,506,2025-11-16 14:32:36,"<a href=""http://twitter.com/download/iphone"" rel=""nofollow"">Twitter for iPhone</a>",,,,
'1989997299205063099',@shahh bro my portfolio already begging him too… system at 99% panic level rn ⏳,en,Reply,0,1,0,0,64,2025-11-16 13:01:43,"<a href=""http://twitter.com/download/iphone"" rel=""nofollow"">Twitter for iPhone</a>",,,,
'1989981934395777235',@CoinMarketCap holding… trading… bro I’m just trying not to crash before lunch ⏳,en,Reply,0,4,0,0,248,2025-11-16 12:00:39,"<a href=""http://twitter.com/download/iphone"" rel=""nofollow"">Twitter for iPhone</a>",,,,
'1989971458383335736',"@cryptorover my system calls this ‘max fear discount’ level
loading courage.exe before i smash buy ⏳",en,Reply,0,7,0,0,120,2025-11-16 11:19:02,"<a href=""http://twitter.com/download/iphone"" rel=""nofollow"">Twitter for iPhone</a>",,,,
'1989962626026410425',"@cryptogems555 oversold? bro my system flagged it as ‘discount mode activated’ ⏳
still calculating the exact number tho… brain at 1% battery rn 😭",en,Reply,0,5,0,0,328,2025-11-16 10:43:56,"<a href=""http://twitter.com/download/iphone"" rel=""nofollow"">Twitter for iPhone</a>",,,,
'1989960211688558849',"gm frens ⏳
system booting up… 99% sleep, 1% hope
charts still red, brain still buffering
but here i am… pretending i got my life together on a sunday ☕️
welcome to the loading zone",en,Tweet,0,1,0,0,138,2025-11-16 10:34:20,"<a href=""http://twitter.com/download/iphone"" rel=""nofollow"">Twitter for iPhone</a>",,,,
'1989828147001356652',"@CoinDesk idk man my system still calculating… last time it guessed $100k and crashed 😭⚡️
loading new prediction rn… pls stand by ⏳",en,Reply,0,2,0,0,726,2025-11-16 01:49:34,"<a href=""http://twitter.com/download/iphone"" rel=""nofollow"">Twitter for iPhone</a>",,,,
'1989785892945629674',@binance binance drip update.exe installed successfully 😎⚡️,en,Reply,0,4,0,0,99,2025-11-15 23:01:39,"<a href=""http://twitter.com/download/iphone"" rel=""nofollow"">Twitter for iPhone</a>",,,,
'1989748781760348185',"loading… 99%
something is waking up in the system.
not a project. not a utility.
just pure internet chaos brewing in the background.

no promises. no roadmap.
just vibes, timing and a stupid amount of conviction.

if you’re reading this, ur early to the loading zone.
stay still… next sequence unlocking soon. ⏳",en,Tweet,0,2,0,1,343,2025-11-15 20:34:11,"<a href=""http://twitter.com/download/iphone"" rel=""nofollow"">Twitter for iPhone</a>",,,photo,https://pbs.twimg.com/media/G50B-GwW8AE60p8.jpg
'1989744996170514601',@AltcoinDaily me waiting for 65k so i can complain about missing 75k again 😭🔁,en,Reply,0,5,0,1,352,2025-11-15 20:19:09,"<a href=""http://twitter.com/download/iphone"" rel=""nofollow"">Twitter for iPhone</a>",,,,
'1989740494294077831',@binance ngl i’m still stuck between ‘i can do this’ and ‘bro wtf am i doing’ 😭📈,en,Reply,0,3,0,1,371,2025-11-15 20:01:16,"<a href=""http://twitter.com/download/iphone"" rel=""nofollow"">Twitter for iPhone</a>",,,,
'1989733268468691265',@cryptocom bro i’m choosing neither… my portfolio already got KO’d in round 1 😭🥊,en,Reply,0,7,0,0,694,2025-11-15 19:32:33,"<a href=""http://twitter.com/download/iphone"" rel=""nofollow"">Twitter for iPhone</a>",,,,
'1989725430639968762',@shahh bro i swear my timeline been screaming BUY ALTS since the dinosaurs walked the earth 💀 i’m tired too man… markets got us in a never-ending side quest,en,Reply,0,4,0,0,126,2025-11-15 19:01:24,"<a href=""http://twitter.com/download/iphone"" rel=""nofollow"">Twitter for iPhone</a>",,,,
'1989718667592941737',@AshCrypto ngl 2025 turned me from ‘investor’ to ‘emotional support warrior’ 😭⚡,en,Reply,0,2,0,2,1049,2025-11-15 18:34:32,"<a href=""http://twitter.com/download/iphone"" rel=""nofollow"">Twitter for iPhone</a>",,,,
'1989714672048550260',@AltcoinDaily facts… the code always wins eventually 😮‍💨⚡️,en,Reply,0,3,0,0,145,2025-11-15 18:18:39,"<a href=""http://twitter.com/download/iphone"" rel=""nofollow"">Twitter for iPhone</a>",,,,
'1989712645012717918',@Pink_Trades_ @Raydium bro system crashed halfway reading this 😭☕️ installing brain patch rn…,en,Reply,0,2,0,1,22,2025-11-15 18:10:36,"<a href=""http://twitter.com/download/iphone"" rel=""nofollow"">Twitter for iPhone</a>",,,,
'1989710877788967160',"@cryptorover bro worried?? im already in the acceptance stage…
portfolio been red since dinosaurs walked the earth 😭📉
nothing surprises me anymore fr",en,Reply,0,4,0,0,688,2025-11-15 18:03:34,"<a href=""http://twitter.com/download/iphone"" rel=""nofollow"">Twitter for iPhone</a>",,,,
'1989704846279119350',"@cryptocom system.exe scanning predictions…
still loading my oscar picks at 99% 👀⚡️",en,Reply,0,3,0,0,229,2025-11-15 17:39:36,"<a href=""http://twitter.com/download/iphone"" rel=""nofollow"">Twitter for iPhone</a>",,,,
'1989701983079399673',"@Raydium system bears.exe failed to launch ❌
bull patch installing… please stand by 🐂⚡️",en,Reply,0,2,0,1,227,2025-11-15 17:28:14,"<a href=""http://twitter.com/download/iphone"" rel=""nofollow"">Twitter for iPhone</a>",,,,
'1989629476066512913',"@CryptoWizardd gm wizard… system still loading at 99% 🧙‍♂️⚡️
coffee.exe running… hope installing…",en,Reply,0,1,0,0,274,2025-11-15 12:40:07,"<a href=""http://twitter.com/download/iphone"" rel=""nofollow"">Twitter for iPhone</a>",,,,
'1989619903268012105',"@binance bro this looks like my brain rn… golden outside, melting inside 😭⚡️ 99% dripping fr",en,Reply,0,9,0,1,1237,2025-11-15 12:02:04,"<a href=""http://twitter.com/download/iphone"" rel=""nofollow"">Twitter for iPhone</a>",,,,
'1989609930446237901',"@cryptogems555 bro i’m still pumping my system 😭
99% loaded since monday… one more vibe and i might finally hit 100% this weekend ⚡️📈
if not… we pump coffee instead ☕️😂",en,Reply,0,1,0,0,198,2025-11-15 11:22:27,"<a href=""http://twitter.com/download/iphone"" rel=""nofollow"">Twitter for iPhone</a>",,,,
'1989605802894663835',"@cryptorover bro in 2008 i’d panic too…
now my system just throws a ‘economic.exe not responding’ pop-up and keeps loading 💀📉
if something breaks just reboot the bull market ig 😭⚡️",en,Reply,0,3,0,0,401,2025-11-15 11:06:03,"<a href=""http://twitter.com/download/iphone"" rel=""nofollow"">Twitter for iPhone</a>",,,,
'1989584446744322178',"@cryptorover bro my bull market ended when my system got stuck at 99% 🙃
can’t confirm anything rn, still buffering the dip 💀📉",en,Reply,0,4,0,0,841,2025-11-15 09:41:11,"<a href=""http://twitter.com/download/iphone"" rel=""nofollow"">Twitter for iPhone</a>",,,,
'1989583751601435022',"gm frens ☕️
system waking up… 99% vibes, 1% brain
charts red, eyes burning, hope still stupidly alive 💀📈
if ur reading this, ur officially in the loading zone…
grab a coffee &amp; follow before the system crashes fr 🤝⚡️",en,Tweet,0,3,0,2,180,2025-11-15 09:38:25,"<a href=""http://twitter.com/download/iphone"" rel=""nofollow"">Twitter for iPhone</a>",,,,
'1989440214486368543',"@moonshot my days been loading at 99% for months💀
better load soon fr",en,Reply,0,1,0,0,127,2025-11-15 00:08:03,"<a href=""http://twitter.com/download/iphone"" rel=""nofollow"">Twitter for iPhone</a>",,,,
'1989431279792591106',"@BitcoinArchive bro buying a lot??
i can’t even buy myself enough sleep rn 😭☕️
still stuck at 99% while saylor speedruns the dip 💀📈",en,Reply,0,7,0,0,622,2025-11-14 23:32:33,"<a href=""http://twitter.com/download/iphone"" rel=""nofollow"">Twitter for iPhone</a>",,,,
'1989430644733350364',"@AltcoinDaily 95k? bro my portfolio fell below my mental health lvl weeks ago 💀
still stuck at 99% buffering through every dip ☕️📉",en,Reply,0,5,0,0,599,2025-11-14 23:30:02,"<a href=""http://twitter.com/download/iphone"" rel=""nofollow"">Twitter for iPhone</a>",,,,
'1989415002152079659',"@Pumpfun bro my bottom been loading for days…
system stuck at 99% can’t go any lower 💀☕️",en,Reply,0,5,0,0,546,2025-11-14 22:27:52,"<a href=""http://twitter.com/download/iphone"" rel=""nofollow"">Twitter for iPhone</a>",,,,
'1989391587215118362',"@cz_binance bro i’ve been doing dips too…
but mine are on the chart not the gym 😭📉
system still stuck at 99% loading fr",en,Reply,0,9,0,0,2036,2025-11-14 20:54:50,"<a href=""http://twitter.com/download/iphone"" rel=""nofollow"">Twitter for iPhone</a>",,,,
'1989385512445186201',"system status:
— 99% loaded
— sleep deprived
— portfolio red
— brain buffering
but somehow still here posting memes ☕️

if you see this, welcome to the loading zone…
grab a coffee &amp; follow before i crash 💀📈 https://t.co/DusCSrOI9k",en,Tweet,1,1,0,0,377,2025-11-14 20:30:41,"<a href=""http://twitter.com/download/iphone"" rel=""nofollow"">Twitter for iPhone</a>",,,photo,https://pbs.twimg.com/media/G5u3k-BXcAAaHJ7.jpg
'1989372371728490687',@AltcoinDaily not a millionaire yet but my system been loading at 99% for months… millionaire.exe still buffering ☕️🤡📈,en,Reply,0,6,0,0,484,2025-11-14 19:38:28,"<a href=""http://twitter.com/download/iphone"" rel=""nofollow"">Twitter for iPhone</a>",,,,
'1989371113894560168',"@CryptoKaleo gm kaleo, my brain still loading at 99% since last night… can’t morning properly ☕️💀",en,Reply,0,4,0,1,223,2025-11-14 19:33:28,"<a href=""http://twitter.com/download/iphone"" rel=""nofollow"">Twitter for iPhone</a>",,,,
'1989338400751775825',@CryptoWizardd bro i can’t judge… my system stuck at 99% and i’m still giving “advice” like i own 10 eth 😭⏳,en,Reply,0,2,0,2,219,2025-11-14 17:23:29,"<a href=""http://twitter.com/download/iphone"" rel=""nofollow"">Twitter for iPhone</a>",,,,
'1989337669575270597',@saylor bro don’t start without me… my system still loading at 99% ☕️⏳ trying to buy but the button frozen,en,Reply,0,8,0,0,1626,2025-11-14 17:20:35,"<a href=""http://twitter.com/download/iphone"" rel=""nofollow"">Twitter for iPhone</a>",,,,
'1989308900835766685',"@CryptoWizardd gm ☕️
ct depressed? bro my system been stuck at 99% for days 😭
recovery.exe loading… vibes updating…
wave 2 soon fr ⚙️",en,Reply,0,2,0,1,3127,2025-11-14 15:26:16,"<a href=""http://twitter.com/download/iphone"" rel=""nofollow"">Twitter for iPhone</a>",,,,
'1989303367525425378',@cryptocom bro i’ve been stuck at 99% since forever 😭 not even the dip can move my system 💀,en,Reply,0,6,0,1,474,2025-11-14 15:04:16,"<a href=""http://twitter.com/download/iphone"" rel=""nofollow"">Twitter for iPhone</a>",,,,
'1989293357819220002',@BitcoinMagazine @BitcoinMagPro extreme fear? bro my brain’s been stuck at 99% so long i don’t even feel fear anymore 💀⌛️ just buffering through the chaos,en,Reply,0,9,1,0,696,2025-11-14 14:24:30,"<a href=""http://twitter.com/download/iphone"" rel=""nofollow"">Twitter for iPhone</a>",,,,
'1989275064353841622',"@IcedKnife system log:
new memes detected in the network… ⚙️
processing pumpfolio update…
99% loaded — humor module overheating 😭☕️",en,Reply,0,1,0,0,171,2025-11-14 13:11:48,"<a href=""http://twitter.com/download/iphone"" rel=""nofollow"">Twitter for iPhone</a>",,,,
'1989252404290932849',"@AshCrypto bro after all that…
system still holding at 99% ⚙️
guess we’re built different ☕️🤝",en,Reply,0,2,0,0,380,2025-11-14 11:41:46,"<a href=""http://twitter.com/download/iphone"" rel=""nofollow"">Twitter for iPhone</a>",,,,
'1989233673426850058',@cryptogems555 system syncing… bulls loading 99% ⚙️🚀 stay loaded,en,Reply,0,2,0,2,86,2025-11-14 10:27:20,"<a href=""http://twitter.com/download/iphone"" rel=""nofollow"">Twitter for iPhone</a>",,,,
'1989219728074973691',"gm ☕️
sleep.exe crashed overnight…
dreams still syncing…
system: holding at 99%
pls wait — morning patch installing 🛠️🕰️",en,Tweet,0,2,0,2,251,2025-11-14 09:31:55,"<a href=""http://twitter.com/download/iphone"" rel=""nofollow"">Twitter for iPhone</a>",,,,
'1989045648331587855',"system update:
buffer reached 100 active units…
signal strength rising 🔧
next sequence preparing to unlock soon ⏳
stay loaded ⚙️",en,Tweet,0,1,0,0,223,2025-11-13 22:00:11,"<a href=""http://twitter.com/download/iphone"" rel=""nofollow"">Twitter for iPhone</a>",,,,
'1988917813499568453',"@cryptocom system detecting unusual green activity…
buffering confirmation 🟩⌛️ https://t.co/WxEodAkk50",en,Reply,0,2,0,0,52,2025-11-13 13:32:13,"<a href=""http://twitter.com/download/iphone"" rel=""nofollow"">Twitter for iPhone</a>",,,photo,https://pbs.twimg.com/media/G5oONVMWIAAwbFz.jpg
'1988892353608687810',"@AltcoinDaily system response: calculating optimal entry point…
estimated time: 99% complete ☕⚙️ https://t.co/5zqvrgscIW",en,Reply,0,1,0,0,32,2025-11-13 11:51:03,"<a href=""http://twitter.com/download/iphone"" rel=""nofollow"">Twitter for iPhone</a>",,,photo,https://pbs.twimg.com/media/G5n3DWQXgAE2ldJ.jpg
'1988885521490235579',@ZssBecker bro my AI still stuck at 99%… can’t even take a screenshot yet 😭⚙️ https://t.co/D2Ii9v25hk,en,Reply,0,1,0,1,38,2025-11-13 11:23:54,"<a href=""http://twitter.com/download/iphone"" rel=""nofollow"">Twitter for iPhone</a>",,,photo,https://pbs.twimg.com/media/G5nw1shWoAA4tSQ.jpg
'1988884150405742754',@cz_binance don’t worry cz… my system stuck at 99% so I can’t speak any language either 😭⚙️ https://t.co/8PIKgSkV8Q,en,Reply,0,2,1,0,402,2025-11-13 11:18:27,"<a href=""http://twitter.com/download/iphone"" rel=""nofollow"">Twitter for iPhone</a>",,,photo,https://pbs.twimg.com/media/G5nvl5mXIAA2hiw.jpg
'1988883334806602209',"@cryptogems555 system detecting unusual market activity…
99% load threshold reacting ⚡️⏳ https://t.co/cJMLOirDsW",en,Reply,0,2,0,0,44,2025-11-13 11:15:13,"<a href=""http://twitter.com/download/iphone"" rel=""nofollow"">Twitter for iPhone</a>",,,photo,https://pbs.twimg.com/media/G5nu2YmWMAAMRpC.jpg
'1988879374410473936',system update: verification process initializing… 🔧 https://t.co/qHYTKQTHAj,en,Tweet,0,14,0,15,314,2025-11-13 10:59:29,"<a href=""http://twitter.com/download/iphone"" rel=""nofollow"">Twitter for iPhone</a>",,,photo,https://pbs.twimg.com/media/G5nrP4EWcAE1ckj.jpg
'1988713576870343127',"🎁 $LOADING early support rewards
system preparing initial distribution…

— 15 winners
— 100 $LOADING each (claimable after launch)

1️⃣ follow @stilllllloading
2️⃣ like + RT
3️⃣ tag 2 frens ☕️

system scans activity automatically ⚙️
#airdrop #loading #crypto https://t.co/Xa0fghMctd",en,Tweet,0,15,0,13,842,2025-11-13 00:00:39,"<a href=""http://twitter.com/download/iphone"" rel=""nofollow"">Twitter for iPhone</a>","#airdrop,#loading,#crypto",,photo,https://pbs.twimg.com/media/G5lUdKuX0AAFFc4.jpg
'1988875939015430545',"system note:
early reward module syncing…
winners detected soon 👀⚙️",en,Reply,0,1,0,1,160,2025-11-13 10:45:50,"<a href=""http://twitter.com/download/iphone"" rel=""nofollow"">Twitter for iPhone</a>",,,,
'1988852229080494089',"gm fam ☕️
system holding at 99%…
something’s trying to break through today 👀⚙️
stay loaded https://t.co/xDYA29wCcM",en,Tweet,0,1,0,0,154,2025-11-13 09:11:37,"<a href=""http://twitter.com/download/iphone"" rel=""nofollow"">Twitter for iPhone</a>",,,photo,https://pbs.twimg.com/media/G5nSjt0W8AAaw4f.jpg
'1988850141831352720',@binance bro waking up on friday just to see $LOADING at 100% 😂☕️ https://t.co/DVRomqebDH,en,Reply,0,1,0,0,26,2025-11-13 09:03:19,"<a href=""http://twitter.com/download/iphone"" rel=""nofollow"">Twitter for iPhone</a>",,,photo,https://pbs.twimg.com/media/G5nQqU8WwAAD6M0.jpg
'1988715486880886911',system online soon ⚙️ stay loaded.,en,Reply,0,1,0,0,148,2025-11-13 00:08:15,"<a href=""http://twitter.com/download/iphone"" rel=""nofollow"">Twitter for iPhone</a>",,,,
'1988703879031296298',@CryptoWizardd system focusing… magic buffering at 99% 🧙‍♂️☕️ https://t.co/uzZbGRsvKv,en,Reply,0,1,0,0,62,2025-11-12 23:22:07,"<a href=""http://twitter.com/download/iphone"" rel=""nofollow"">Twitter for iPhone</a>",,,photo,https://pbs.twimg.com/media/G5lLovRWUAATWQb.jpg
'1988690127040958837',@cz_binance 60% AI? make it 61% now 🫡 https://t.co/ww51EV3pfS,en,Reply,0,1,0,0,34,2025-11-12 22:27:29,"<a href=""http://twitter.com/download/iphone"" rel=""nofollow"">Twitter for iPhone</a>",,,photo,https://pbs.twimg.com/media/G5k_IN0WEAApCu5.jpg
'1988675105325768841',@moonshot wait till she sees the buffer bar 😭 https://t.co/3A9M6D1ZHg,en,Reply,0,1,0,0,106,2025-11-12 21:27:47,"<a href=""http://twitter.com/download/iphone"" rel=""nofollow"">Twitter for iPhone</a>",,,photo,https://pbs.twimg.com/media/G5kxd5zX0AA--zb.jpg
'1988674609043108082',"no noise.
just signals.
99% — we move in silence. https://t.co/vFWNt6QRt7",en,Tweet,0,2,0,1,150,2025-11-12 21:25:49,"<a href=""http://twitter.com/download/iphone"" rel=""nofollow"">Twitter for iPhone</a>",,,photo,https://pbs.twimg.com/media/G5kxA-iXkAAeOzb.jpg
'1988672560331124902',@AltcoinDaily system collecting dips… please stand by 📉⚙️ https://t.co/2Ggw1cLXqX,en,Reply,0,2,0,0,101,2025-11-12 21:17:40,"<a href=""http://twitter.com/download/iphone"" rel=""nofollow"">Twitter for iPhone</a>",,,photo,https://pbs.twimg.com/media/G5kvJogWEAApbH4.jpg
'1988627515078849004',@elonmusk system evaluating humanity’s response… loading conclusions 🌍⚙️ https://t.co/SM4KlBsWLO,en,Reply,0,2,0,0,15,2025-11-12 18:18:41,"<a href=""http://twitter.com/download/iphone"" rel=""nofollow"">Twitter for iPhone</a>",,,photo,https://pbs.twimg.com/media/G5kGLuBWUAAW2w2.jpg
'1988625770705518781',@BitcoinArchive UK loading Bitcoin bags… 🇬🇧⏳💥 https://t.co/qXimMOZ0De,en,Reply,0,3,0,0,134,2025-11-12 18:11:45,"<a href=""http://twitter.com/download/iphone"" rel=""nofollow"">Twitter for iPhone</a>",,,photo,https://pbs.twimg.com/media/G5kEmPGW8AIaVYV.jpg
'1988623810526924972',@CoinMarketCap system detected unusual market activity 👀 buffering confirmation… ⏳ https://t.co/tEdctVlcYQ,en,Reply,0,2,0,0,49,2025-11-12 18:03:57,"<a href=""http://twitter.com/download/iphone"" rel=""nofollow"">Twitter for iPhone</a>",,,photo,https://pbs.twimg.com/media/G5kC0I2W0AAmTRp.jpg
'1988615800220004560',@Cointelegraph bro really said “i coded myself” 💀 https://t.co/jWkJIgwawd,en,Reply,0,1,0,0,304,2025-11-12 17:32:08,"<a href=""http://twitter.com/download/iphone"" rel=""nofollow"">Twitter for iPhone</a>",,,photo,https://pbs.twimg.com/media/G5j7hzOXUAAx0Rp.jpg
'1988615280122003577',@cb_doge bro works like there’s 72 hours in a day 😭☕️ https://t.co/bicWoCAley,en,Reply,0,2,0,0,56,2025-11-12 17:30:04,"<a href=""http://twitter.com/download/iphone"" rel=""nofollow"">Twitter for iPhone</a>",,,photo,https://pbs.twimg.com/media/G5j7Dm9WoAABGmL.jpg
'1988542295675699355',@cryptogems555 99% loaded… unleash the bull 🐂🔥 https://t.co/OfGzdPHXjw,en,Reply,0,3,0,0,322,2025-11-12 12:40:03,"<a href=""http://twitter.com/download/iphone"" rel=""nofollow"">Twitter for iPhone</a>",,,photo,https://pbs.twimg.com/media/G5i4rLEXIAAKNNj.jpg
'1988538365528928332',@BitcoinMagazine finally some good news.exe ☕️ https://t.co/osQrAbFXKz,en,Reply,0,2,0,0,68,2025-11-12 12:24:26,"<a href=""http://twitter.com/download/iphone"" rel=""nofollow"">Twitter for iPhone</a>",,,photo,https://pbs.twimg.com/media/G5i1GllWEAA2sCy.jpg
'1988532695689794032',@CryptoWizardd $NPC trying to reach 100% before me 😭 https://t.co/oYinjZrTkF,en,Reply,0,1,0,0,103,2025-11-12 12:01:54,"<a href=""http://twitter.com/download/iphone"" rel=""nofollow"">Twitter for iPhone</a>",,,photo,https://pbs.twimg.com/media/G5iv8g2XkAA8JPm.jpg
'1988507800507428929',"gm ☕️
brain.exe still updating…
system: 99% ☁️
maybe today we hit 100% 🕰️ https://t.co/InkIUKH2TY",en,Tweet,0,2,0,1,183,2025-11-12 10:22:58,"<a href=""http://twitter.com/download/iphone"" rel=""nofollow"">Twitter for iPhone</a>",,,photo,https://pbs.twimg.com/media/G5iZTZ7XQAANoG8.jpg
'1988475651351879981',@Lingard010 @Raydium system: still loading… ☕️,en,Reply,0,1,0,0,21,2025-11-12 08:15:14,"<a href=""http://twitter.com/download/iphone"" rel=""nofollow"">Twitter for iPhone</a>",,,,
'1988350535888425259',@AshCrypto still loading that altseason… maybe it’s stuck at 99% too ☕️ https://t.co/1vL6LIPJdF,en,Reply,0,3,0,0,118,2025-11-11 23:58:04,"<a href=""http://twitter.com/download/iphone"" rel=""nofollow"">Twitter for iPhone</a>",,,photo,https://pbs.twimg.com/media/G5gKRPsW8AA61jp.jpg
'1988311053319762379',"@solana they ignore… they laugh… they fight…
and then they fkn start loading ☕⏳ https://t.co/uKK9HChsrs",en,Reply,0,3,0,0,145,2025-11-11 21:21:10,"<a href=""http://twitter.com/download/iphone"" rel=""nofollow"">Twitter for iPhone</a>",,,photo,https://pbs.twimg.com/media/G5fmXPUXIAAGLgO.jpg
'1988303699748483122',@moonshot beliebe in the process… 99% complete ☕⏳ https://t.co/RwGFmHPta1,en,Reply,0,1,0,0,199,2025-11-11 20:51:57,"<a href=""http://twitter.com/download/iphone"" rel=""nofollow"">Twitter for iPhone</a>",,,photo,https://pbs.twimg.com/media/G5ffrM_WoAABI9e.jpg
'1988295593685643641',@binance brain.exe stopped responding ☕💀 https://t.co/ejxaaliDyc,en,Reply,0,3,0,0,463,2025-11-11 20:19:44,"<a href=""http://twitter.com/download/iphone"" rel=""nofollow"">Twitter for iPhone</a>",,,photo,https://pbs.twimg.com/media/G5fYTZJWIAAOqJJ.jpg
'1988292369020821917',@BitcoinMagazine @davidsacks47 loading 99%… but freedom.exe still pending 🧠⏳ https://t.co/1KzMu2kBzu,en,Reply,0,1,0,0,51,2025-11-11 20:06:56,"<a href=""http://twitter.com/download/iphone"" rel=""nofollow"">Twitter for iPhone</a>",,,photo,https://pbs.twimg.com/media/G5fVXrnWQAAYxcR.jpg
'1988291130321244426',99%… something’s about to wake up ⏳ https://t.co/7xYaRTj09U,en,Tweet,0,1,0,0,179,2025-11-11 20:02:00,"<a href=""http://twitter.com/download/iphone"" rel=""nofollow"">Twitter for iPhone</a>",,,photo,https://pbs.twimg.com/media/G5fUPiKW8AA5kAe.jpg
'1988274696073490575',@Pink_Trades_ @Raydium &gt; 99% marketing.exe initializing ☕⚡,en,Reply,0,3,0,1,31,2025-11-11 18:56:42,"<a href=""http://twitter.com/download/iphone"" rel=""nofollow"">Twitter for iPhone</a>",,,,
'1988269675587981387',"@CryptoKaleo gm bulls, loading mode: 99% ⚡ https://t.co/AZjdylkYpx",en,Reply,0,2,0,2,79,2025-11-11 18:36:45,"<a href=""http://twitter.com/download/iphone"" rel=""nofollow"">Twitter for iPhone</a>",,,photo,https://pbs.twimg.com/media/G5fAuSJW8AAUpvt.jpg
'1988260547272339604',@CryptoWizardd 99% this cycle ⏳ https://t.co/9Jq0vAfPgN,en,Reply,0,2,0,3,492,2025-11-11 18:00:29,"<a href=""http://twitter.com/download/iphone"" rel=""nofollow"">Twitter for iPhone</a>",,,photo,https://pbs.twimg.com/media/G5e4bYHWkAErKw_.jpg
'1988254360711614674',@Cointelegraph started loading at 14… still 99% ⏳ https://t.co/Qyy93vDji6,en,Reply,0,1,0,0,38,2025-11-11 17:35:54,"<a href=""http://twitter.com/download/iphone"" rel=""nofollow"">Twitter for iPhone</a>",,,photo,https://pbs.twimg.com/media/G5eyzQcWMAABYQI.jpg
'1988238813496234193',@Raydium and still… none for the 99% 😭 https://t.co/Q2bLmCaHhd,en,Reply,0,4,0,0,154,2025-11-11 16:34:07,"<a href=""http://twitter.com/download/iphone"" rel=""nofollow"">Twitter for iPhone</a>",,,photo,https://pbs.twimg.com/media/G5ekqWGXQAI6qYT.jpg
'1988189352212787438',@Cointelegraph $LOADING — still buffering while others are pumping ⚙️☕️ https://t.co/Mf2AavPDzD,en,Reply,0,2,0,0,65,2025-11-11 13:17:34,"<a href=""http://twitter.com/download/iphone"" rel=""nofollow"">Twitter for iPhone</a>",,,photo,https://pbs.twimg.com/media/G5d3rNtXsAAGruM.jpg
'1988185260207599942',"@binance i don’t believe in dips, but i do believe in $LOADING ☕️⌛️ https://t.co/RcFi4B1aEZ",en,Reply,0,8,0,1,494,2025-11-11 13:01:19,"<a href=""http://twitter.com/download/iphone"" rel=""nofollow"">Twitter for iPhone</a>",,,photo,https://pbs.twimg.com/media/G5dz9DuXwAMqXV0.jpg
'1988171708336116070',@Whale_Guru still buffering… hope the market catches up ☕️⏳ https://t.co/1o1V79tnQL,en,Reply,0,3,0,2,415,2025-11-11 12:07:28,"<a href=""http://twitter.com/download/iphone"" rel=""nofollow"">Twitter for iPhone</a>",,,photo,https://pbs.twimg.com/media/G5dnoVCXQAAqSj6.jpg
'1988151852022853862',"@RoundtableSpace loading portfolio.exe… 🧠
still calculating risk while everyone’s aping 😂💻 https://t.co/dPjCoqGA9w",en,Reply,0,2,0,0,139,2025-11-11 10:48:34,"<a href=""http://twitter.com/download/iphone"" rel=""nofollow"">Twitter for iPhone</a>",,,photo,https://pbs.twimg.com/media/G5dVkelWQAAQWui.jpg
'1988150271474880971',"@W0LF0FCRYPT0 gm wolf 🐺 the world’s healing.exe is still loading 99%…
but the vibes are already pumping 💫 https://t.co/qMkMXIvjGL",en,Reply,0,1,0,2,72,2025-11-11 10:42:17,"<a href=""http://twitter.com/download/iphone"" rel=""nofollow"">Twitter for iPhone</a>",,,photo,https://pbs.twimg.com/media/G5dUIfTXQAAvngG.jpg
'1988121210454938026',"gm ☕️ brain.exe booting up…
coffee loading 99%
errors? maybe. vibes? immaculate 🌞 https://t.co/H0fmRzp5ED",en,Tweet,0,11,0,9,342,2025-11-11 08:46:48,"<a href=""http://twitter.com/download/iphone"" rel=""nofollow"">Twitter for iPhone</a>",,,photo,https://pbs.twimg.com/media/G5c5s9AWsAAuZwS.jpg
'1988008219651043459',@shahh bro i started believing in $loading now my wifi stopped lagging 😭 https://t.co/3swFFYc8Pz,en,Reply,0,1,0,0,32,2025-11-11 01:17:49,"<a href=""http://twitter.com/download/iphone"" rel=""nofollow"">Twitter for iPhone</a>",,,photo,https://pbs.twimg.com/media/G5bS74MXsAAi5fa.jpg
'1987971251244331046',@Pumpfun me calculating my “10x” while still -80% on entry 💀📉 https://t.co/NuWtfqNp0j,en,Reply,0,1,0,0,80,2025-11-10 22:50:55,"<a href=""http://twitter.com/download/iphone"" rel=""nofollow"">Twitter for iPhone</a>",,,photo,https://pbs.twimg.com/media/G5axULeWYAAjxFg.jpg
'1987944965918355799',"system reboot complete ☕️
still stuck at 99%… but progress detected 🔁
$LOADING — patience.exe installed ⏳ https://t.co/zewy0Nwrog",en,Tweet,0,9,0,8,275,2025-11-10 21:06:28,"<a href=""http://twitter.com/download/iphone"" rel=""nofollow"">Twitter for iPhone</a>",,,photo,https://pbs.twimg.com/media/G5aZaHLXUAAOPAs.jpg
'1987923039992865210',@IcedKnife gm ice ❄️ system warming up… 99% ready to melt charts ☕💻 https://t.co/M3iHWtuhT1,en,Reply,0,1,0,0,71,2025-11-10 19:39:21,"<a href=""http://twitter.com/download/iphone"" rel=""nofollow"">Twitter for iPhone</a>",,,photo,https://pbs.twimg.com/media/G5aFd03WYAAa8Uh.jpg
'1987875522194338046',"@cz_binance system note: contribution detected… 💸
calculating “tiny bit” = 999,999,999.99$ 💀 https://t.co/WtZf6hyjVh",en,Reply,0,2,0,0,386,2025-11-10 16:30:32,"<a href=""http://twitter.com/download/iphone"" rel=""nofollow"">Twitter for iPhone</a>",,,photo,https://pbs.twimg.com/media/G5ZaP9aW8AA8QEb.jpg
'1987861099816063448',"@CryptoWizardd system detected orange.exe 🟧
loading new color palette… 99% complete ☕️💨 https://t.co/kevOakZmuE",en,Reply,0,1,0,0,215,2025-11-10 15:33:13,"<a href=""http://twitter.com/download/iphone"" rel=""nofollow"">Twitter for iPhone</a>",,,photo,https://pbs.twimg.com/media/G5ZNIbjWcAA6rIL.jpg
'1987826463089811875',"@Whale_Guru if crypto disappears tomorrow…
i’ll still be stuck at 99% ⏳ https://t.co/S2Uii38iE9",en,Reply,0,3,0,0,173,2025-11-10 13:15:35,"<a href=""http://twitter.com/download/iphone"" rel=""nofollow"">Twitter for iPhone</a>",,,photo,https://pbs.twimg.com/media/G5YtoaDXYAAC4FR.jpg
'1987823806862233974',"@CryptoWizardd gm wizard ☕️
system still loading spells… 🧙‍♂️
99% ready to pump magic.exe ✨ https://t.co/UeWxYcoqWF",en,Reply,0,3,0,4,1123,2025-11-10 13:05:02,"<a href=""http://twitter.com/download/iphone"" rel=""nofollow"">Twitter for iPhone</a>",,,photo,https://pbs.twimg.com/media/G5YrNidWgAAiG2Z.jpg
'1987821223527801132',"@RoundtableSpace system scanning… 🔍
found: $LOADING ⏳
99% cult, 1% caffeine ☕️ https://t.co/5ODzXLBG9I",en,Reply,0,1,0,0,57,2025-11-10 12:54:46,"<a href=""http://twitter.com/download/iphone"" rel=""nofollow"">Twitter for iPhone</a>",,,photo,https://pbs.twimg.com/media/G5Yo3ToXkAAjsQD.jpg
'1987766294117073054',"gm ⏳
brain loading…
vibes updating… https://t.co/6vVz6I707k",en,Tweet,0,10,0,8,289,2025-11-10 09:16:30,"<a href=""http://twitter.com/download/iphone"" rel=""nofollow"">Twitter for iPhone</a>",,,photo,https://pbs.twimg.com/media/G5X26BeWIAAWnQu.jpg
'1987637977497977234',@IcedKnife replying to a “don’t be a reply guy” tweet while being a reply guy 😭 life’s loading… https://t.co/fwLh9teQG8,en,Reply,0,1,0,0,46,2025-11-10 00:46:37,"<a href=""http://twitter.com/download/iphone"" rel=""nofollow"">Twitter for iPhone</a>",,,photo,https://pbs.twimg.com/media/G5WCNA0WEAAXqea.jpg
'1987598044729106518',@Pumpfun god if you can hear me pls let my portfolio load past 99% this time 😭⏳ https://t.co/aFsvP23ieK,en,Reply,0,1,0,0,15,2025-11-09 22:07:56,"<a href=""http://twitter.com/download/iphone"" rel=""nofollow"">Twitter for iPhone</a>",,,photo,https://pbs.twimg.com/media/G5Vd4ZIWsAAMjB5.jpg
'1987592068856685008',@AshCrypto sex gives post-nut clarity. altseason gives post-trade depression 😭📉 https://t.co/66i4cFb9h0,en,Reply,0,1,0,0,38,2025-11-09 21:44:11,"<a href=""http://twitter.com/download/iphone"" rel=""nofollow"">Twitter for iPhone</a>",,,photo,https://pbs.twimg.com/media/G5VYc0rXMAAQEpp.jpg
'1987589173377659038',@cb_doge elon.exe still loading… 🚀🧠 humanity update 99% complete ⏳ https://t.co/MnjuDbG406,en,Reply,0,3,0,0,47,2025-11-09 21:32:41,"<a href=""http://twitter.com/download/iphone"" rel=""nofollow"">Twitter for iPhone</a>",,,photo,https://pbs.twimg.com/media/G5VV0KiW8AAqjmP.jpg
'1987582319343935814',@solana even solana devs still loading ⏳ respect to the builders 🧠💪 https://t.co/GZPfNgJG4B,en,Reply,0,2,0,0,236,2025-11-09 21:05:27,"<a href=""http://twitter.com/download/iphone"" rel=""nofollow"">Twitter for iPhone</a>",,,photo,https://pbs.twimg.com/media/G5VPlS8XEAMOaXF.jpg
'1987576802965909805',"cpu melting… 99% for hours now 😭
maybe it’s not a bug, it’s a lifestyle. $LOADING ⏳ https://t.co/6lTgds4uF6",en,Tweet,0,5,0,3,249,2025-11-09 20:43:31,"<a href=""http://twitter.com/download/iphone"" rel=""nofollow"">Twitter for iPhone</a>",,,photo,https://pbs.twimg.com/media/G5VKkQkXkAAWbev.jpg
'1987567432844669254',"@AshCrypto people ain’t scared, they just buffering ⏳ https://t.co/25rbjUz19m",en,Reply,0,4,0,1,237,2025-11-09 20:06:17,"<a href=""http://twitter.com/download/iphone"" rel=""nofollow"">Twitter for iPhone</a>",,,photo,https://pbs.twimg.com/media/G5VCCw9WcAEAmun.jpg
'1987566920506503204',@TrustWallet Crypto is… still loading ⏳ https://t.co/P7BrP9JL2G,en,Reply,0,1,0,0,305,2025-11-09 20:04:15,"<a href=""http://twitter.com/download/iphone"" rel=""nofollow"">Twitter for iPhone</a>",,,photo,https://pbs.twimg.com/media/G5VBk_YXsAAcwPF.jpg
'1987472367635898643',@RoundtableSpace trying to send it back to ATH but the loading bar stuck at 99% 😭⏳ https://t.co/Z4no9v5hkz,en,Reply,0,2,0,0,64,2025-11-09 13:48:32,"<a href=""http://twitter.com/download/iphone"" rel=""nofollow"">Twitter for iPhone</a>",,,photo,https://pbs.twimg.com/media/G5TrlSXWAAAHsOX.jpg
'1987199715776053637',"@cz_binance system reading… 97,000 words processed ☕
output: “still loading” 🧠 https://t.co/K2axCsJ99Y",en,Reply,0,3,0,0,83,2025-11-08 19:45:07,"<a href=""http://twitter.com/download/iphone"" rel=""nofollow"">Twitter for iPhone</a>",,,animated_gif,https://pbs.twimg.com/tweet_video_thumb/G5Pzmu0WkAAvL_V.jpg
'1987165588276584937',@saylor system alert: BUY button stuck on repeat ⏳😂 https://t.co/4YASUfcWjT,en,Reply,0,4,0,1,781,2025-11-08 17:29:30,"<a href=""http://twitter.com/download/iphone"" rel=""nofollow"">Twitter for iPhone</a>",,,animated_gif,https://pbs.twimg.com/tweet_video_thumb/G5PUkNpW4AAs4Mk.jpg
'1987164178730147997',"$LOADING launch 99% complete ⏳
system verifying followers… almost there 🧠
stay tuned degens — something’s loading 👀

#Solana #LoadingMeme #pumpfun",en,Tweet,0,4,0,1,278,2025-11-08 17:23:54,"<a href=""http://twitter.com/download/iphone"" rel=""nofollow"">Twitter for iPhone</a>","#Solana,#LoadingMeme,#pumpfun",,,
'1987105112171389173',@coinbureau XRP loading new era… hope the buffer doesn’t crash this time 😭⏳ https://t.co/7TT6RopR4T,en,Reply,0,5,0,1,171,2025-11-08 13:29:12,"<a href=""http://twitter.com/download/iphone"" rel=""nofollow"">Twitter for iPhone</a>",,,animated_gif,https://pbs.twimg.com/tweet_video_thumb/G5OdkCrWMAABMlp.jpg
'1986884891389108648',@solana me &amp; my dev waiting for the 1% to finish loading ⏳💀 https://t.co/LGosQtQYp4,en,Reply,0,2,0,1,186,2025-11-07 22:54:07,"<a href=""http://twitter.com/download/iphone"" rel=""nofollow"">Twitter for iPhone</a>",,,animated_gif,https://pbs.twimg.com/tweet_video_thumb/G5LVRj_WQAAN9E4.jpg
'1986873419179147408',@Ashcryptoreal system still healing… 99% loaded ⏳ https://t.co/85iVWgpy4g,en,Reply,0,1,0,0,130,2025-11-07 22:08:32,"<a href=""http://twitter.com/download/iphone"" rel=""nofollow"">Twitter for iPhone</a>",,,animated_gif,https://pbs.twimg.com/tweet_video_thumb/G5LK1yhW8AAHMyB.jpg
'1986758528711741636',https://t.co/GME1Qb4OFG,zxx,Tweet,0,2,0,0,438,2025-11-07 14:32:00,"<a href=""http://twitter.com/download/iphone"" rel=""nofollow"">Twitter for iPhone</a>",,https://x.com/stilllllloading/status/1985406726607081572?s=46,,
'1986757818884710545',"⚙️ stay tuned. the last 1% might melt your gpu.
system preparing something weird…",en,Tweet,0,3,0,1,504,2025-11-07 14:29:10,"<a href=""http://twitter.com/download/iphone"" rel=""nofollow"">Twitter for iPhone</a>",,,,
'1986754680849060157',@PancakeSwap altseason.exe still installing… 🕹️💾 https://t.co/vBhbjeKQGG,en,Reply,0,2,0,0,116,2025-11-07 14:16:42,"<a href=""http://twitter.com/download/iphone"" rel=""nofollow"">Twitter for iPhone</a>",,,photo,https://pbs.twimg.com/media/G5Je2ZKWMAEZNcX.jpg
'1986747424594166039',@Ashcryptoreal altseason still buffering ⏳💀 https://t.co/44e2thhpx8,en,Reply,0,4,0,3,633,2025-11-07 13:47:52,"<a href=""http://twitter.com/download/iphone"" rel=""nofollow"">Twitter for iPhone</a>",,,photo,https://pbs.twimg.com/media/G5JYQDZWMAA5A2M.jpg
'1986682750263246877',gm 🧠 still loading… caffeine update downloading…,en,Tweet,0,3,0,0,258,2025-11-07 09:30:53,"<a href=""http://twitter.com/download/iphone"" rel=""nofollow"">Twitter for iPhone</a>",,,,
'1986538882351952197',maybe the market’s red but my hopes still 99% loading ⏳,en,Tweet,0,2,0,2,238,2025-11-06 23:59:12,"<a href=""http://twitter.com/download/iphone"" rel=""nofollow"">Twitter for iPhone</a>",,,,
'1986507904128852330',@Ashcryptoreal reading this like i understand every word… still loading 🤯⏳ https://t.co/WetuFDaRNa,en,Reply,0,1,0,0,95,2025-11-06 21:56:06,"<a href=""http://twitter.com/download/iphone"" rel=""nofollow"">Twitter for iPhone</a>",,,photo,https://pbs.twimg.com/media/G5F-aK6XsAASV4L.jpg
'1986422478466363897',@saylor sale? bro my wallet still buffering 😭⌛️,en,Reply,0,6,0,0,238,2025-11-06 16:16:39,"<a href=""http://twitter.com/download/iphone"" rel=""nofollow"">Twitter for iPhone</a>",,,,
'1986366450567946604',@RoundtableSpace aping soon… if funds ever load 😭💸,en,Reply,0,3,0,0,48,2025-11-06 12:34:01,"<a href=""http://twitter.com/download/iphone"" rel=""nofollow"">Twitter for iPhone</a>",,,,
'1986363027591963085',@BNBCHAIN builder’s chain? bro i’m still installing updates 😭⚙️,en,Reply,0,1,0,0,52,2025-11-06 12:20:25,"<a href=""http://twitter.com/download/iphone"" rel=""nofollow"">Twitter for iPhone</a>",,,,
'1986317095882084713',"gm ☀️
system booting…
brain loading…
vibes updating ⏳",en,Tweet,0,3,0,3,300,2025-11-06 09:17:54,"<a href=""http://twitter.com/download/iphone"" rel=""nofollow"">Twitter for iPhone</a>",,,,
'1986315485328130388',@cz_binance now we know… but my brain still doesn’t 😭⏳,en,Reply,0,1,0,0,90,2025-11-06 09:11:30,"<a href=""http://twitter.com/download/iphone"" rel=""nofollow"">Twitter for iPhone</a>",,,,
'1986152720277835947',"@cryptorover bro fed crashing, my brain crashing, charts crashing…
only thing not crashing = my wifi 😭🧠💾",en,Reply,0,7,0,0,561,2025-11-05 22:24:44,"<a href=""http://twitter.com/download/iphone"" rel=""nofollow"">Twitter for iPhone</a>",,,,
'1986124419471974430',"everyone building, everyone launching…
me? still stuck on “installing memes.exe” ⏳😂",en,Tweet,0,1,0,0,277,2025-11-05 20:32:16,"<a href=""http://twitter.com/download/iphone"" rel=""nofollow"">Twitter for iPhone</a>",,,,
'1986123917816438873',"@Raydium devs ship, traders flip… i meme — but firmware still updating ⏳🔥",en,Reply,0,2,0,0,64,2025-11-05 20:30:17,"<a href=""http://twitter.com/download/iphone"" rel=""nofollow"">Twitter for iPhone</a>",,,,
'1986103970612265341',"@WatcherGuru economy booming?
me? still loading salary… ⏳😭
inflation patched but my wallet didn’t update yet",en,Reply,0,2,0,0,38,2025-11-05 19:11:01,"<a href=""http://twitter.com/download/iphone"" rel=""nofollow"">Twitter for iPhone</a>",,,,
'1986048823538397550',"@saylor @titlejt upgrading the world?
bro i’m still upgrading my brain firmware 😭⏳
99%… pls don’t restart me",en,Reply,0,10,0,2,291,2025-11-05 15:31:53,"<a href=""http://twitter.com/download/iphone"" rel=""nofollow"">Twitter for iPhone</a>",,,,
'1985983172451188840',"@RoundtableSpace buying the dip?
bro i’m still loading funds 😭⏳
hardware wallet still buffering…",en,Reply,0,3,0,0,141,2025-11-05 11:11:00,"<a href=""http://twitter.com/download/iphone"" rel=""nofollow"">Twitter for iPhone</a>",,,,
'1985966392043008085',"@cryptorover whales be loading bags 🐋📦
me? still loading balance 😭⏳",en,Reply,0,6,0,1,383,2025-11-05 10:04:19,"<a href=""http://twitter.com/download/iphone"" rel=""nofollow"">Twitter for iPhone</a>",,,,
'1985962221290291451',"gm ⏳
market falling, hopes crawling,
me? still buffering like grandma’s wifi 😭",en,Tweet,0,3,0,1,344,2025-11-05 09:47:45,"<a href=""http://twitter.com/download/iphone"" rel=""nofollow"">Twitter for iPhone</a>",,,,
'1985761479191076982',"devs be shipping
traders be flipping
me? still loading
but something's cooking ⏳🔥",en,Tweet,0,3,0,1,356,2025-11-04 20:30:04,"<a href=""http://twitter.com/download/iphone"" rel=""nofollow"">Twitter for iPhone</a>",,,,
'1985766519582658994',@king__ask bro u typing like my brain rn… still buffering ⏳💀,en,Reply,0,2,0,0,44,2025-11-04 20:50:06,"<a href=""http://twitter.com/download/iphone"" rel=""nofollow"">Twitter for iPhone</a>",,,,
'1985730737753010240',"@cryptorover history repeating?
bro my portfolio repeating pain every cycle 😭
still loading my first rally since 99% ⏳",en,Reply,0,3,0,0,204,2025-11-04 18:27:55,"<a href=""http://twitter.com/download/iphone"" rel=""nofollow"">Twitter for iPhone</a>",,,,
'1985728411000602903',"@solana building on solana?
bro i’m still loading the “start building” button 😭⏳
wifi said “not today”",en,Reply,0,4,0,0,116,2025-11-04 18:18:40,"<a href=""http://twitter.com/download/iphone"" rel=""nofollow"">Twitter for iPhone</a>",,,,
'1985644684337901728',"@Ashcryptoreal bro i logged off… but my portfolio kept crying without me 😭⏳
still loading mental recovery…",en,Reply,0,3,0,1,127,2025-11-04 12:45:58,"<a href=""http://twitter.com/download/iphone"" rel=""nofollow"">Twitter for iPhone</a>",,,,
'1985586332568113314',@Cointelegraph $127M gone… meanwhile i'm still loading my first buy order 😭⏳ my wallet died before the liquidation,en,Reply,0,1,0,0,194,2025-11-04 08:54:06,"<a href=""http://twitter.com/download/iphone"" rel=""nofollow"">Twitter for iPhone</a>",,,,
'1985582242911891743',@cryptorover moonvember? bro my portfolio chose doomvember 💀⏳ still loading gains…,en,Reply,0,6,0,0,776,2025-11-04 08:37:51,"<a href=""http://twitter.com/download/iphone"" rel=""nofollow"">Twitter for iPhone</a>",,,,
'1985581288586154194',gm ⏳   still loading…   my brain didn’t boot properly again 😭,en,Tweet,0,3,0,1,373,2025-11-04 08:34:04,"<a href=""http://twitter.com/download/iphone"" rel=""nofollow"">Twitter for iPhone</a>",,,,
'1985406726607081572',"loading… 99% ⏳

utility? maybe.
roadmap? buffering…
team? waking up…
community? joining slowly…
launch? when the wifi stops crying 😭

don’t rush me bro,
my brain still updating…

⏳ follow to help reach 100%",en,Tweet,0,13,0,11,1378,2025-11-03 21:00:25,"<a href=""http://twitter.com/download/iphone"" rel=""nofollow"">Twitter for iPhone</a>",,,,
'1985399971688984899',"@Raydium buy the dip?
bro i’m still loading the funds 💀⏳
wallet stuck at 99% too",en,Reply,0,4,0,0,177,2025-11-03 20:33:34,"<a href=""http://twitter.com/download/iphone"" rel=""nofollow"">Twitter for iPhone</a>",,,,
'1985376020904448196',"@AltcoinDaily he keeps buying…
me? still loading my first dip buy since 99% 😭⏳",en,Reply,0,3,0,0,135,2025-11-03 18:58:24,"<a href=""http://twitter.com/download/iphone"" rel=""nofollow"">Twitter for iPhone</a>",,,,
'1985372175386177697',"@BitcoinMagazine @Gemini btc dipping?
bro i’m still dipping my toes into life updates at 99% 😭⏳
loading patience…",en,Reply,0,7,0,0,291,2025-11-03 18:43:07,"<a href=""http://twitter.com/download/iphone"" rel=""nofollow"">Twitter for iPhone</a>",,,,
'1985316711684272344',"@BitcoinMagazine asia coming?
bro i’m still buffering coming 🥲⏳
99% loading since forever",en,Reply,0,8,0,0,147,2025-11-03 15:02:44,"<a href=""http://twitter.com/download/iphone"" rel=""nofollow"">Twitter for iPhone</a>",,,,
'1985310307250852090',"woke up but my energy stayed asleep 😭⏳
still loading…",en,Tweet,0,2,0,0,401,2025-11-03 14:37:17,"<a href=""http://twitter.com/download/iphone"" rel=""nofollow"">Twitter for iPhone</a>",,,,
'1985245813354938491',"@Ashcryptoreal moonvember?
bro i’m still in loadingvember ⏳😔
update stuck at 99% all year",en,Reply,0,17,0,0,237,2025-11-03 10:21:00,"<a href=""http://twitter.com/download/iphone"" rel=""nofollow"">Twitter for iPhone</a>",,,,
'1985225518363324498',"gm ⏳
tried to wake up… update stuck at 99% again 💀
brain still buffering",en,Tweet,0,1,0,0,391,2025-11-03 09:00:21,"<a href=""http://twitter.com/download/iphone"" rel=""nofollow"">Twitter for iPhone</a>",,,,
'1985091734741643419',@solana bro… still calculating how big… but the answer is stuck at 99% 😭⏳📶,en,Reply,0,1,0,0,80,2025-11-03 00:08:45,"<a href=""http://twitter.com/download/iphone"" rel=""nofollow"">Twitter for iPhone</a>",,,,
'1984863052206879167',"gm ⏳
still loading…",en,Tweet,1,5,0,5,636,2025-11-02 09:00:03,"<a href=""http://twitter.com/download/iphone"" rel=""nofollow"">Twitter for iPhone</a>",,,,
'1985080460595060888',@BB_10X next stop: still loading the bus to the moon 😭⏳,en,Reply,0,2,0,0,58,2025-11-02 23:23:57,"<a href=""http://twitter.com/download/iphone"" rel=""nofollow"">Twitter for iPhone</a>",,,,
'1985079818590036243',"@golezxy bro… group chat is still buffering at 99% ⏳😔
we’ll let u in when the wifi stops crying",en,Reply,0,2,0,1,69,2025-11-02 23:21:24,"<a href=""http://twitter.com/download/iphone"" rel=""nofollow"">Twitter for iPhone</a>",,,,
'1985030286841610626',@moonshot ⏳⚠️📶,qme,Reply,0,3,0,0,145,2025-11-02 20:04:35,"<a href=""http://twitter.com/download/iphone"" rel=""nofollow"">Twitter for iPhone</a>",,,,
'1985029886105297107',"@binance bro i’m trying to touch grass too
but the grass is still loading 99% 😭🌱⏳",en,Reply,0,5,0,0,152,2025-11-02 20:02:59,"<a href=""http://twitter.com/download/iphone"" rel=""nofollow"">Twitter for iPhone</a>",,,,
'1984981741724155919',"@Raydium Trying to innovate too but my loading bar said ‘nah, 99% forever’ 😭⏳",en,Reply,0,5,0,1,137,2025-11-02 16:51:41,"<a href=""http://twitter.com/download/iphone"" rel=""nofollow"">Twitter for iPhone</a>",,,,
'1984917908880023750',"@CoinMarketCap We tried to log off once…
but the button is still loading 😭⏳",en,Reply,0,3,0,0,91,2025-11-02 12:38:02,"<a href=""http://twitter.com/download/iphone"" rel=""nofollow"">Twitter for iPhone</a>",,,,
'1984867717271146960',"@binance Nature’s calling…
but our page still loading so we can’t go outside 😭⏳",en,Reply,1,5,0,0,132,2025-11-02 09:18:35,"<a href=""http://twitter.com/download/iphone"" rel=""nofollow"">Twitter for iPhone</a>",,,,
'1984679721808937136',"@pumpdotfun gm
still buffering ☕⏳",en,Reply,0,3,0,1,39,2025-11-01 20:51:33,"<a href=""http://twitter.com/download/iphone"" rel=""nofollow"">Twitter for iPhone</a>",,,,
'1984659048386449635',"@JupiterExchange Limit orders evolving.
Our page still buffering. 😭⏳",en,Reply,0,3,0,0,69,2025-11-01 19:29:24,"<a href=""http://twitter.com/download/iphone"" rel=""nofollow"">Twitter for iPhone</a>",,,,
'1984658203200672013',"@CryptoKaleo Four years?
Bro we’re still trying to load the chart. 😭⏳",en,Reply,0,2,0,1,117,2025-11-01 19:26:03,"<a href=""http://twitter.com/download/iphone"" rel=""nofollow"">Twitter for iPhone</a>",,,,
'1984635040710431201',"@pumpdotfun Internet Capital Markets are happening.

Meanwhile we're still trying to load the homepage 😭⏳",en,Reply,0,1,0,1,55,2025-11-01 17:54:01,"<a href=""http://twitter.com/download/iphone"" rel=""nofollow"">Twitter for iPhone</a>",,,,
'1984633915727020473',"@binance Cool feature bro, meanwhile we're still trying to load the page 😭⏳",en,Reply,0,2,0,0,58,2025-11-01 17:49:32,"<a href=""http://twitter.com/download/iphone"" rel=""nofollow"">Twitter for iPhone</a>",,,,
'1984629951337779281',"Someone followed us.

They must have fast internet.

Respect. ⏳",en,Tweet,1,29,0,21,998,2025-11-01 17:33:47,"<a href=""http://twitter.com/download/iphone"" rel=""nofollow"">Twitter for iPhone</a>",,,,
'1984632387557277789',"@oojje We don’t pump.
We just… keep loading.

Slow &amp; mysterious. ⏳😎",en,Reply,0,2,0,0,23,2025-11-01 17:43:28,"<a href=""http://twitter.com/download/iphone"" rel=""nofollow"">Twitter for iPhone</a>",,,,
'1984632106836713585',"Too many notifications…
Calm down guys we’re still at 99% 😭⏳",en,Tweet,1,31,0,21,1134,2025-11-01 17:42:21,"<a href=""http://twitter.com/download/iphone"" rel=""nofollow"">Twitter for iPhone</a>",,,,
'1984627546126709195',"We're not early.
We're not late.
We're buffering.
%99 loading ⏳",en,Tweet,1,12,0,9,702,2025-11-01 17:24:14,"<a href=""http://twitter.com/download/iphone"" rel=""nofollow"">Twitter for iPhone</a>",,,,
'1984626988326478085',"System booting…
$LOADING initializing…

%99 ready  
%1 anxiety 😭",en,Tweet,1,5,0,2,588,2025-11-01 17:22:01,"<a href=""http://twitter.com/download/iphone"" rel=""nofollow"">Twitter for iPhone</a>",,,,
'1984627093905265116',"GM devs.
Or not devs.
Idk we’re still loading.",en,Reply,1,3,0,1,476,2025-11-01 17:22:26,"<a href=""http://twitter.com/download/iphone"" rel=""nofollow"">Twitter for iPhone</a>",,,,
